symbol,company_name,sector,source,fetched_at
AA,ALCOA CORP COM,other,cboe,2026-09-27T15:29:37Z
AAL,AMERICAN AIRLINES GROUP INC COM,other,cboe,2026-09-27T15:29:37Z
AAOI,APPLIED OPTOELECTRONICS INC COM,other,cboe,2026-09-27T15:29:37Z
AAP,ADVANCE AUTO PARTS INC COM,other,cboe,2026-09-27T15:29:37Z
AAPL,APPLE INC COM,other,cboe,2026-09-27T15:29:37Z
ABBV,ABBVIE INC COM,other,cboe,2026-09-27T15:29:37Z
ABNB,AIRBNB INC COM CL A,internet,cboe,2026-09-27T15:29:37Z
ABR,ARBOR REALTY TRUST INC COM,real_estate,cboe,2026-09-27T15:29:37Z
ABT,ABBOTT LABORATORIES COM,other,cboe,2026-09-27T15:29:37Z
ABTC,AMERICAN BITCOIN CORP. COM CL A,other,cboe,2026-09-27T15:29:37Z
ABVX,ABIVAX SA SPONSORED ADS,other,cboe,2026-09-27T15:29:37Z
ACHR,ARCHER AVIATION INC COM CL A,other,cboe,2026-09-27T15:29:37Z
ACI,ALBERTSONS COMPANIES INC COMMON STOCK,other,cboe,2026-09-27T15:29:37Z
ACMR,ACM RESH INC COM CL A,other,cboe,2026-09-27T15:29:37Z
ACN,ACCENTURE PLC IRELAND SHS CLASS A,other,cboe,2026-09-27T15:29:37Z
ADBE,ADOBE INC COM,software,cboe,2026-09-27T15:29:37Z
ADI,ANALOG DEVICES INC COM,other,cboe,2026-09-27T15:29:37Z
ADP,AUTOMATIC DATA PROCESSING INC COM,other,cboe,2026-09-27T15:29:37Z
ADSK,AUTODESK INC COM,other,cboe,2026-09-27T15:29:37Z
AEHR,AEHR TEST SYS COM,other,cboe,2026-09-27T15:29:37Z
AEM,AGNICO EAGLE MINES LTD COM,other,cboe,2026-09-27T15:29:37Z
AEO,AMERICAN EAGLE OUTFITTERS INC COM,other,cboe,2026-09-27T15:29:37Z
AFL,AFLAC INC COM,other,cboe,2026-09-27T15:29:37Z
AFRM,AFFIRM HLDGS INC COM CL A,other,cboe,2026-09-27T15:29:37Z
AG,FIRST MAJESTIC SILVER CORP COM,other,cboe,2026-09-27T15:29:37Z
AGNC,AGNC INVT CORP COM,other,cboe,2026-09-27T15:29:37Z
AGQ,PROSHARES TR II ULTRA SILVER NEW,other,cboe,2026-09-27T15:29:37Z
AI,C3 AI INC CL A,other,cboe,2026-09-27T15:29:37Z
AIG,AMERICAN INTL GROUP INC COM NEW,other,cboe,2026-09-27T15:29:37Z
AKAM,AKAMAI TECHNOLOGIES INC COM,other,cboe,2026-09-27T15:29:37Z
ALAB,ASTERA LABS INC COM,other,cboe,2026-09-27T15:29:37Z
ALB,ALBEMARLE CORP COM,other,cboe,2026-09-27T15:29:37Z
ALDX,ALDEYRA THERAPEUTICS INC COM,other,cboe,2026-09-27T15:29:37Z
ALGN,ALIGN TECHNOLOGY INC COM,other,cboe,2026-09-27T15:29:37Z
ALT,ALTIMMUNE INC COM NEW,other,cboe,2026-09-27T15:29:37Z
AMAT,APPLIED MATLS INC COM,semiconductor,cboe,2026-09-27T15:29:37Z
AMBA,AMBARELLA INC SHS,other,cboe,2026-09-27T15:29:37Z
AMC,AMC ENTMT HLDGS INC CL A NEW,other,cboe,2026-09-27T15:29:37Z
AMD,ADVANCED MICRO DEVICES INC COM,semiconductor,cboe,2026-09-27T15:29:37Z
AMGN,AMGEN INC COM,biotech,cboe,2026-09-27T15:29:37Z
AMKR,AMKOR TECHNOLOGY INC COM,other,cboe,2026-09-27T15:29:37Z
AMPG,AMPLITECH GROUP INC COM NEW,other,cboe,2026-09-27T15:29:37Z
AMPX,AMPRIUS TECHNOLOGIES INC COMMON STOCK,other,cboe,2026-09-27T15:29:37Z
AMZN,AMAZON COM INC COM,internet,cboe,2026-09-27T15:29:37Z
ANET,ARISTA NETWORKS INC COM SHS,other,cboe,2026-09-27T15:29:37Z
ANF,ABERCROMBIE & FITCH CO CL A,other,cboe,2026-09-27T15:29:37Z
ANVS,ANNOVIS BIO INC COM,other,cboe,2026-09-27T15:29:37Z
APA,APA CORPORATION COM,other,cboe,2026-09-27T15:29:37Z
APLD,APPLIED DIGITAL CORP COM NEW,other,cboe,2026-09-27T15:29:37Z
APO,APOLLO GLOBAL MGMT INC COM,other,cboe,2026-09-27T15:29:37Z
APP,APPLOVIN CORP COM CL A,other,cboe,2026-09-27T15:29:37Z
APT,ALPHA PRO TECH LTD COM,other,cboe,2026-09-27T15:29:37Z
AR,ANTERO RESOURCES CORP COM,other,cboe,2026-09-27T15:29:37Z
ARES,ARES MANAGEMENT CORPORATION CL A COM STK,other,cboe,2026-09-27T15:29:37Z
ARM,ARM HOLDINGS PLC SPONSORED ADS,other,cboe,2026-09-27T15:29:37Z
AS,AMER SPORTS INC COM SHS,other,cboe,2026-09-27T15:29:37Z
ASML,ASML HLDG NV N Y REGISTRY SHS,other,cboe,2026-09-27T15:29:37Z
ASO,ACADEMY SPORTS & OUTDOORS INC COM,other,cboe,2026-09-27T15:29:37Z
ASPI,ASP ISOTOPES INC COM,other,cboe,2026-09-27T15:29:37Z
ASST,STRIVE INC CL A COM,other,cboe,2026-09-27T15:29:37Z
ASTS,AST SPACEMOBILE INC COM CL A,other,cboe,2026-09-27T15:29:37Z
AUR,AURORA INNOVATION INC CLASS A COM,other,cboe,2026-09-27T15:29:37Z
AVAV,AEROVIRONMENT INC COM,other,cboe,2026-09-27T15:29:37Z
AVGO,BROADCOM INC COM,semiconductor,cboe,2026-09-27T15:29:37Z
AXON,AXON ENTERPRISE INC COM,other,cboe,2026-09-27T15:29:37Z
AXP,AMERICAN EXPRESS CO COM,banking,cboe,2026-09-27T15:29:37Z
AXTI,AXT INC COM,other,cboe,2026-09-27T15:29:37Z
B,BARRICK MNG CORP COM SHS,other,cboe,2026-09-27T15:29:37Z
BA,BOEING CO COM,defense,cboe,2026-09-27T15:29:37Z
BABA,ALIBABA GROUP HLDG LTD SPONSORED ADS,other,cboe,2026-09-27T15:29:37Z
BAC,BANK OF AMER CORP COM,banking,cboe,2026-09-27T15:29:37Z
BAX,BAXTER INTL INC COM,other,cboe,2026-09-27T15:29:37Z
BB,BLACKBERRY LTD COM,other,cboe,2026-09-27T15:29:37Z
BBAI,BIGBEAR AI HLDGS INC COM,other,cboe,2026-09-27T15:29:37Z
BBWI,BATH & BODY WORKS INC COM,other,cboe,2026-09-27T15:29:37Z
BBY,BEST BUY INC COM,other,cboe,2026-09-27T15:29:37Z
BE,BLOOM ENERGY CORP COM CL A,energy,cboe,2026-09-27T15:29:37Z
BEKE,KE HLDGS INC SPONSORED ADS,other,cboe,2026-09-27T15:29:37Z
BHC,BAUSCH HEALTH COS INC COM,other,cboe,2026-09-27T15:29:37Z
BIDU,BAIDU INC SPON ADR REP A,other,cboe,2026-09-27T15:29:37Z
BIIB,BIOGEN INC COM,other,cboe,2026-09-27T15:29:37Z
BILL,BILL HOLDINGS INC COM,other,cboe,2026-09-27T15:29:37Z
BKKT,BAKKT INC COM CL A NEW,other,cboe,2026-09-27T15:29:37Z
BKNG,BOOKING HOLDINGS INC COM,other,cboe,2026-09-27T15:29:37Z
BLK,BLACKROCK INC COM,banking,cboe,2026-09-27T15:29:37Z
BLSH,BULLISH ORD SHS,other,cboe,2026-09-27T15:29:37Z
BMNR,BITMINE IMMERSION TECHS INC COM NEW,other,cboe,2026-09-27T15:29:37Z
BMY,BRISTOL-MYERS SQUIBB CO COM,other,cboe,2026-09-27T15:29:37Z
BNO,UNITED STS BRENT OIL FD LP UNIT,energy,cboe,2026-09-27T15:29:37Z
BOIL,PROSHARES TR II ULTRA BLOOMBERG,other,cboe,2026-09-27T15:29:37Z
BP,BP PLC SPONSORED ADR,other,cboe,2026-09-27T15:29:37Z
BRK.B,BERKSHIRE HATHAWAY INC DEL CL B NEW,other,cboe,2026-09-27T15:29:37Z
BROS,DUTCH BROS INC CL A,other,cboe,2026-09-27T15:29:37Z
BRUN,BOOST RUN INC ORD SHS CL A,other,cboe,2026-09-27T15:29:37Z
BSX,BOSTON SCIENTIFIC CORP COM,other,cboe,2026-09-27T15:29:37Z
BTBT,BIT DIGITAL INC SHS,other,cboe,2026-09-27T15:29:37Z
BTDR,BITDEER TECHNOLOGIES GROUP CL A ORD SHS,other,cboe,2026-09-27T15:29:37Z
BTG,B2GOLD CORP COM,other,cboe,2026-09-27T15:29:37Z
BTU,PEABODY ENGR CORP COM,other,cboe,2026-09-27T15:29:37Z
BUD,ANHEUSER BUSCH INBEV SA NV SPONSORED ADR,other,cboe,2026-09-27T15:29:37Z
BULL,WEBULL CORP ORD SHS,other,cboe,2026-09-27T15:29:37Z
BURL,BURLINGTON STORES INC COM,other,cboe,2026-09-27T15:29:37Z
BW,BABCOCK & WILCOX ENTERPRISES COM,other,cboe,2026-09-27T15:29:37Z
BX,BLACKSTONE INC COM,other,cboe,2026-09-27T15:29:37Z
BYND,BEYOND MEAT INC COM,other,cboe,2026-09-27T15:29:37Z
C,CITIGROUP INC COM NEW,banking,cboe,2026-09-27T15:29:37Z
CAG,CONAGRA BRANDS INC COM,other,cboe,2026-09-27T15:29:37Z
CAH,CARDINAL HEALTH INC COM,other,cboe,2026-09-27T15:29:37Z
CAPR,CAPRICOR THERAPEUTICS INC COM NEW,other,cboe,2026-09-27T15:29:37Z
CAR,AVIS BUDGET GROUP INC COM,other,cboe,2026-09-27T15:29:37Z
CARR,CARRIER GLOBAL CORPORATION COM,other,cboe,2026-09-27T15:29:37Z
CART,MAPLEBEAR INC COM,other,cboe,2026-09-27T15:29:37Z
CAT,CATERPILLAR INC COM,other,cboe,2026-09-27T15:29:37Z
CAVA,CAVA GROUP INC COM,other,cboe,2026-09-27T15:29:37Z
CBOE,"Cboe Global Markets, Inc.",other,cboe,2026-09-27T15:29:37Z
CBRS,CEREBRAS SYSTEMS INC COM CL A,other,cboe,2026-09-27T15:29:37Z
CBTX,Cboe Bitcoin Index,other,cboe,2026-09-27T15:29:37Z
CC,CHEMOURS CO COM,other,cboe,2026-09-27T15:29:37Z
CCJ,CAMECO CORP COM,other,cboe,2026-09-27T15:29:37Z
CCL,CARNIVAL CORP LTD COMMON SHARES,other,cboe,2026-09-27T15:29:37Z
CDE,COEUR MNG INC COM NEW,other,cboe,2026-09-27T15:29:37Z
CDNS,CADENCE DESIGN SYSTEM INC COM,software,cboe,2026-09-27T15:29:37Z
CEG,CONSTELLATION ENERGY CORP COM,energy,cboe,2026-09-27T15:29:37Z
CELH,CELSIUS HLDGS INC COM NEW,other,cboe,2026-09-27T15:29:37Z
CF,CF INDUSTRIES HOLD COM,other,cboe,2026-09-27T15:29:37Z
CGC,CANOPY GROWTH CORPORATION COM NEW,other,cboe,2026-09-27T15:29:37Z
CHTR,CHARTER COMMUNICATIONS INC CL A,telecom,cboe,2026-09-27T15:29:37Z
CHWY,CHEWY INC CL A,other,cboe,2026-09-27T15:29:37Z
CI,THE CIGNA GROUP COM,other,cboe,2026-09-27T15:29:37Z
CIEN,CIENA CORP COM NEW,other,cboe,2026-09-27T15:29:37Z
CIFR,CIPHER DIGITAL INC COM,other,cboe,2026-09-27T15:29:37Z
CL,COLGATE PALMOLIVE CO COM,other,cboe,2026-09-27T15:29:37Z
CLF,CLEVELAND-CLIFFS INC NEW COM,other,cboe,2026-09-27T15:29:37Z
CLOV,CLOVER HEALTH INVESTMENTS CORP COM CL A,other,cboe,2026-09-27T15:29:37Z
CLS,CELESTICA INC COM,other,cboe,2026-09-27T15:29:37Z
CLSK,CLEANSPARK INC COM NEW,other,cboe,2026-09-27T15:29:37Z
CMCSA,COMCAST CORP NEW CL A,telecom,cboe,2026-09-27T15:29:37Z
CME,CME GROUP INC COM,other,cboe,2026-09-27T15:29:37Z
CMG,CHIPOTLE MEXICAN GRILL INC COM,retail,cboe,2026-09-27T15:29:37Z
CNC,CENTENE CORP DEL COM,other,cboe,2026-09-27T15:29:37Z
CNQ,CANADIAN NAT RES LTD MED TERM COM,other,cboe,2026-09-27T15:29:37Z
COF,CAPITAL ONE FINL CORP COM,banking,cboe,2026-09-27T15:29:37Z
COHR,COHERENT CORP COM,other,cboe,2026-09-27T15:29:37Z
COIN,COINBASE GLOBAL INC COM CL A,fintech,cboe,2026-09-27T15:29:37Z
COP,CONOCOPHILLIPS COM,other,cboe,2026-09-27T15:29:37Z
COPX,GLOBAL X FDS GLOBAL X COPPER,other,cboe,2026-09-27T15:29:37Z
CORZ,CORE SCIENTIFIC INC NEW COM,other,cboe,2026-09-27T15:29:37Z
COST,COSTCO WHOLESALE CORPORATION COM,retail,cboe,2026-09-27T15:29:37Z
CPB,THE CAMPBELLS COMPANY COM,other,cboe,2026-09-27T15:29:37Z
CPNG,COUPANG INC CL A,other,cboe,2026-09-27T15:29:37Z
CRCL,CIRCLE INTERNET GROUP INC COM CL A,other,cboe,2026-09-27T15:29:37Z
CRDO,CREDO TECHNOLOGY GROUP HOLDING ORDINARY SHARES,other,cboe,2026-09-27T15:29:37Z
CRH,CRH PLC ORD,other,cboe,2026-09-27T15:29:37Z
CRM,SALESFORCE INC COM,software,cboe,2026-09-27T15:29:37Z
CRML,CRITICAL METALS CORP PUBCO ORD SHS,other,cboe,2026-09-27T15:29:37Z
CRSP,CRISPR THERAPEUTICS AG NAMEN AKT,other,cboe,2026-09-27T15:29:37Z
CRWD,CROWDSTRIKE HLDGS INC CL A,software,cboe,2026-09-27T15:29:37Z
CRWV,COREWEAVE INC COM CL A,other,cboe,2026-09-27T15:29:37Z
CSCO,CISCO SYS INC COM,other,cboe,2026-09-27T15:29:37Z
CSIQ,CANADIAN SOLAR INC COM,energy,cboe,2026-09-27T15:29:37Z
CSX,CSX CORP COM,other,cboe,2026-09-27T15:29:37Z
CTAS,CINTAS CORP COM,other,cboe,2026-09-27T15:29:37Z
CVNA,CARVANA CO CL A,other,cboe,2026-09-27T15:29:37Z
CVS,CVS HEALTH CORP COM,other,cboe,2026-09-27T15:29:37Z
CVX,CHEVRON CORPORATION COM,other,cboe,2026-09-27T15:29:37Z
CYPH,CYPHERPUNK TECHNOLOGIES INC COM NEW,other,cboe,2026-09-27T15:29:37Z
CZR,CAESARS ENTERTAINMENT INC NEW COM,other,cboe,2026-09-27T15:29:37Z
DAL,DELTA AIR LINES INC COM NEW,other,cboe,2026-09-27T15:29:37Z
DASH,DOORDASH INC CL A,internet,cboe,2026-09-27T15:29:37Z
DAVE,DAVE INC CLASS A COM NEW,other,cboe,2026-09-27T15:29:37Z
DBRG,DIGITALBRIDGE GROUP INC CL A NEW,other,cboe,2026-09-27T15:29:37Z
DBX,DROPBOX INC CL A,other,cboe,2026-09-27T15:29:37Z
DDOG,DATADOG INC CL A COM,other,cboe,2026-09-27T15:29:37Z
DE,DEERE & CO COM,other,cboe,2026-09-27T15:29:37Z
DECK,DECKERS OUTDOOR CORP COM,other,cboe,2026-09-27T15:29:37Z
DELL,DELL TECHNOLOGIES INC CL C,other,cboe,2026-09-27T15:29:37Z
DG,DOLLAR GEN CORP COM,other,cboe,2026-09-27T15:29:37Z
DHI,D R HORTON INC COM,other,cboe,2026-09-27T15:29:37Z
DHR,DANAHER CORP DEL COM,other,cboe,2026-09-27T15:29:37Z
DIA,STATE STR SPDR DOW JONES INDL UT SER 1,other,cboe,2026-09-27T15:29:37Z
DIS,DISNEY WALT CO COM,other,cboe,2026-09-27T15:29:37Z
DJT,TRUMP MEDIA & TECHNOLOGY GROUP COM,other,cboe,2026-09-27T15:29:37Z
DJX,Dow Jones Industrial Average,other,cboe,2026-09-27T15:29:37Z
DKNG,DRAFTKINGS INC NEW COM CL A,retail,cboe,2026-09-27T15:29:37Z
DKS,DICKS SPORTING GOODS INC COM,other,cboe,2026-09-27T15:29:37Z
DLR,DIGITAL RLTY TR INC COM,other,cboe,2026-09-27T15:29:37Z
DLTR,DOLLAR TREE INC COM,other,cboe,2026-09-27T15:29:37Z
DNN,DENISON MINES CORP COM,other,cboe,2026-09-27T15:29:37Z
DNUT,KRISPY KREME INC COM,other,cboe,2026-09-27T15:29:37Z
DOCN,DIGITALOCEAN HLDGS INC COM,other,cboe,2026-09-27T15:29:37Z
DOCU,DOCUSIGN INC COM,other,cboe,2026-09-27T15:29:37Z
DOW,DOW HLDGS INC COM,other,cboe,2026-09-27T15:29:37Z
DPRO,DRAGANFLY INC. COM,other,cboe,2026-09-27T15:29:37Z
DUOL,DUOLINGO INC CL A COM,other,cboe,2026-09-27T15:29:37Z
DVN,DEVON ENERGY CORP NEW COM,energy,cboe,2026-09-27T15:29:37Z
DXCM,DEXCOM INC COM,other,cboe,2026-09-27T15:29:37Z
EBAY,EBAY INC. COM,other,cboe,2026-09-27T15:29:37Z
ECHO,ECHOSTAR CORP CL A,other,cboe,2026-09-27T15:29:37Z
EL,LAUDER ESTEE COS INC CL A,other,cboe,2026-09-27T15:29:37Z
ELF,E L F BEAUTY INC COM,other,cboe,2026-09-27T15:29:37Z
EMR,EMERSON ELEC CO COM,other,cboe,2026-09-27T15:29:37Z
ENPH,ENPHASE ENERGY INC COM,energy,cboe,2026-09-27T15:29:37Z
ENVX,ENOVIX CORPORATION COM,other,cboe,2026-09-27T15:29:37Z
EOG,EOG RES INC COM,other,cboe,2026-09-27T15:29:37Z
EOSE,EOS ENERGY ENTERPRISES INC COM CL A,energy,cboe,2026-09-27T15:29:37Z
EPD,ENTERPRISE PRODS PARTNERS L P COM,other,cboe,2026-09-27T15:29:37Z
EQT,EQT CORP COM,other,cboe,2026-09-27T15:29:37Z
ET,ENERGY TRANSFER L P COM UT LTD PTN,energy,cboe,2026-09-27T15:29:37Z
ETH,GRAYSCALE ETHEREUM STAKING SHS NEW,other,cboe,2026-09-27T15:29:37Z
ETHA,ISHARES ETHEREUM TR SHS,other,cboe,2026-09-27T15:29:37Z
ETN,EATON CORP PLC SHS,other,cboe,2026-09-27T15:29:37Z
ETSY,ETSY INC COM,internet,cboe,2026-09-27T15:29:37Z
EXE,EXPAND ENERGY CORPORATION COM,energy,cboe,2026-09-27T15:29:37Z
EXPE,EXPEDIA GROUP INC COM NEW,other,cboe,2026-09-27T15:29:37Z
F,FORD MTR CO COM,auto,cboe,2026-09-27T15:29:37Z
FBTC,Fidelity Wise Origin Bitcoin Fund,fintech,cboe,2026-09-27T15:29:37Z
FCEL,FUELCELL ENERGY INC COM NEW,energy,cboe,2026-09-27T15:29:37Z
FCX,FREEPORT MCMORAN INC CL B,other,cboe,2026-09-27T15:29:37Z
FDX,FEDEX CORP COM,other,cboe,2026-09-27T15:29:37Z
FIG,FIGMA INC CLASS A COM STK,other,cboe,2026-09-27T15:29:37Z
FIGR,FIGURE TECHNOLOGY SOLUTIO COM CL A,other,cboe,2026-09-27T15:29:37Z
FIS,FIDELITY NATL INFORMATION SVCS COM,fintech,cboe,2026-09-27T15:29:37Z
FISV,FISERV INC COM,other,cboe,2026-09-27T15:29:37Z
FLY,FIREFLY AEROSPACE INC COM,other,cboe,2026-09-27T15:29:37Z
FRMI,FERMI INC COM,other,cboe,2026-09-27T15:29:37Z
FSLR,FIRST SOLAR INC COM,energy,cboe,2026-09-27T15:29:37Z
FSLY,FASTLY INC CL A,other,cboe,2026-09-27T15:29:37Z
FTAI,FTAI AVIATION LTD SHS,other,cboe,2026-09-27T15:29:37Z
FTNT,FORTINET INC COM,other,cboe,2026-09-27T15:29:37Z
FUBO,FUBOTV INC COM NEW CL A,other,cboe,2026-09-27T15:29:37Z
FUTU,FUTU HLDGS LTD SPON ADS CL A,other,cboe,2026-09-27T15:29:37Z
GAP,GAP INC COM,other,cboe,2026-09-27T15:29:37Z
GD,GENERAL DYNAMICS CORP COM,defense,cboe,2026-09-27T15:29:37Z
GDDY,GODADDY INC CL A,other,cboe,2026-09-27T15:29:37Z
GE,GE AEROSPACE COM NEW,other,cboe,2026-09-27T15:29:37Z
GEHC,GE HEALTHCARE TECHNOLOGIES INC COMMON STOCK,other,cboe,2026-09-27T15:29:37Z
GEMI,GEMINI SPACE STA INC CL A COM,other,cboe,2026-09-27T15:29:37Z
GEV,GE VERNOVA INC COM,other,cboe,2026-09-27T15:29:37Z
GILD,GILEAD SCIENCES INC COM,biotech,cboe,2026-09-27T15:29:37Z
GLD,SPDR GOLD TR GOLD SHS,other,cboe,2026-09-27T15:29:37Z
GLW,CORNING INC COM,other,cboe,2026-09-27T15:29:37Z
GLXY,GALAXY DIGITAL INC. CL A,other,cboe,2026-09-27T15:29:37Z
GM,GENERAL MTRS CO COM,auto,cboe,2026-09-27T15:29:37Z
GME,GAMESTOP CORP CL A,retail,cboe,2026-09-27T15:29:37Z
GNRC,GENERAC HLDGS INC COM,other,cboe,2026-09-27T15:29:37Z
GOOG,ALPHABET INC CAP STK CL C,internet,cboe,2026-09-27T15:29:37Z
GOOGL,ALPHABET INC CAP STK CL A,internet,cboe,2026-09-27T15:29:37Z
GOOS,CANADA GOOSE HLDGS INC SHS SUB VTG,other,cboe,2026-09-27T15:29:37Z
GRAB,GRAB HOLDINGS LIMITED CLASS A ORD,other,cboe,2026-09-27T15:29:37Z
GRRR,GORILLA TECHNOLOGY GROUP INC SHS NEW,other,cboe,2026-09-27T15:29:37Z
GS,GOLDMAN SACHS GROUP INC COM,banking,cboe,2026-09-27T15:29:37Z
GSK,GSK PLC SPONSORED ADR,other,cboe,2026-09-27T15:29:37Z
GTLB,GITLAB INC CLASS A COM,other,cboe,2026-09-27T15:29:37Z
GTM,ZOOMINFO TECHNOLOGIES INC COMMON STOCK,other,cboe,2026-09-27T15:29:37Z
HAL,HALLIBURTON CO COM,other,cboe,2026-09-27T15:29:37Z
HD,HOME DEPOT INC COM,retail,cboe,2026-09-27T15:29:37Z
HIMS,HIMS & HERS HEALTH INC COM CL A,other,cboe,2026-09-27T15:29:37Z
HIVE,HIVE DIGITAL TECHNOLOGIES LTD COM NEW,other,cboe,2026-09-27T15:29:37Z
HL,HECLA MINING COMPANY COM,other,cboe,2026-09-27T15:29:37Z
HLF,HERBALIFE LTD COM SHS,other,cboe,2026-09-27T15:29:37Z
HLT,HILTON WORLDWIDE HLDGS INC COM,other,cboe,2026-09-27T15:29:37Z
HOG,HARLEY DAVIDSON INC COM,other,cboe,2026-09-27T15:29:37Z
HON,HONEYWELL INTL INC COM,other,cboe,2026-09-27T15:29:37Z
HOOD,ROBINHOOD MKTS INC COM CL A,other,cboe,2026-09-27T15:29:37Z
HPE,HEWLETT PACKARD ENTERPRISE CO COM,other,cboe,2026-09-27T15:29:37Z
HPQ,HP INC COM,other,cboe,2026-09-27T15:29:37Z
HRL,HORMEL FOODS CORP COM,other,cboe,2026-09-27T15:29:37Z
HSBC,HSBC HLDGS PLC SPON ADR NEW,other,cboe,2026-09-27T15:29:37Z
HSY,HERSHEY CO COM,other,cboe,2026-09-27T15:29:37Z
HTZ,HERTZ GLOBAL HLDGS INC COM NEW,other,cboe,2026-09-27T15:29:37Z
HUM,HUMANA INC COM,other,cboe,2026-09-27T15:29:37Z
HUT,HUT 8 CORP COM,other,cboe,2026-09-27T15:29:37Z
HWM,HOWMET AEROSPACE INC COM,other,cboe,2026-09-27T15:29:37Z
IAU,ISHARES GOLD TR ISHARES NEW,other,cboe,2026-09-27T15:29:37Z
IBKR,INTERACTIVE BROKERS GROUP INC COM CL A,other,cboe,2026-09-27T15:29:37Z
IBM,INTERNATIONAL BUSINESS MACHS COM,other,cboe,2026-09-27T15:29:37Z
IBRX,IMMUNITYBIO INC COM,other,cboe,2026-09-27T15:29:37Z
ICE,INTERCONTINENTAL EXCHANGE INC COM,other,cboe,2026-09-27T15:29:37Z
IEF,ISHARES TR 7-10 YR TRSY BD,other,cboe,2026-09-27T15:29:37Z
INFQ,INFLEQTION INC COM SHS,other,cboe,2026-09-27T15:29:37Z
INO,INOVIO PHARMACEUTICALS INC COM SHS,biotech,cboe,2026-09-27T15:29:37Z
INOD,INNODATA INC COM NEW,other,cboe,2026-09-27T15:29:37Z
INTC,INTEL CORP COM,semiconductor,cboe,2026-09-27T15:29:37Z
INTU,INTUIT COM,other,cboe,2026-09-27T15:29:37Z
IONQ,IONQ INC COM,other,cboe,2026-09-27T15:29:37Z
IOT,SAMSARA INC COM CL A,other,cboe,2026-09-27T15:29:37Z
IOVA,IOVANCE BIOTHERAPEUTICS INC COM,other,cboe,2026-09-27T15:29:37Z
IP,INTERNATIONAL PAPER CO COM,other,cboe,2026-09-27T15:29:37Z
IQ,IQIYI INC SPONSORED ADS,other,cboe,2026-09-27T15:29:37Z
IREN,IREN LIMITED ORDINARY SHARES,other,cboe,2026-09-27T15:29:37Z
IRM,IRON MTN INC DEL COM,other,cboe,2026-09-27T15:29:37Z
ISRG,INTUITIVE SURGICAL INC COM NEW,other,cboe,2026-09-27T15:29:37Z
JBL,JABIL INC COM,other,cboe,2026-09-27T15:29:37Z
JBLU,JETBLUE AIRWAYS CORP COM,other,cboe,2026-09-27T15:29:37Z
JD,JD.COM INC SPON ADS CL A,other,cboe,2026-09-27T15:29:37Z
JMIA,JUMIA TECHNOLOGIES AG SPONSORED ADS,other,cboe,2026-09-27T15:29:37Z
JNJ,JOHNSON & JOHNSON COM,biotech,cboe,2026-09-27T15:29:37Z
JOBY,JOBY AVIATION INC COMMON STOCK,other,cboe,2026-09-27T15:29:37Z
JPM,JPMORGAN CHASE & CO COM,banking,cboe,2026-09-27T15:29:37Z
KEEL,KEEL INFRASTRUCTURE CORP COM SHS,other,cboe,2026-09-27T15:29:37Z
KGC,KINROSS GOLD CORP COM,other,cboe,2026-09-27T15:29:37Z
KHC,KRAFT HEINZ CO COM,other,cboe,2026-09-27T15:29:37Z
KKR,KKR & CO INC COM,other,cboe,2026-09-27T15:29:37Z
KLAC,KLA CORP COM NEW,semiconductor,cboe,2026-09-27T15:29:37Z
KLAR,KLARNA GROUP PLC SHS,semiconductor,cboe,2026-09-27T15:29:37Z
KMB,KIMBERLY-CLARK CORP COM,other,cboe,2026-09-27T15:29:37Z
KMI,KINDER MORGAN INC DEL COM,other,cboe,2026-09-27T15:29:37Z
KO,COCA COLA CO COM,other,cboe,2026-09-27T15:29:37Z
KOLD,PROSHARES TR II ULSHT BLOOMB GAS,energy,cboe,2026-09-27T15:29:37Z
KOPN,KOPIN CORP COM,other,cboe,2026-09-27T15:29:37Z
KR,KROGER CO COM,other,cboe,2026-09-27T15:29:37Z
KRE,SPDR SERIES TRUST ST STR SP REGBNK,other,cboe,2026-09-27T15:29:37Z
KSS,KOHLS CORP COM,other,cboe,2026-09-27T15:29:37Z
KTOS,KRATOS DEFENSE & SEC SOLUTIONS COM NEW,defense,cboe,2026-09-27T15:29:37Z
KVUE,KENVUE INC COM,other,cboe,2026-09-27T15:29:37Z
KWEB,KRANESHARES TRUST CSI CHI INTERNET,other,cboe,2026-09-27T15:29:37Z
LAC,LITHIUM AMERS CORP NEW COM SHS,other,cboe,2026-09-27T15:29:37Z
LAES,SEALSQ CORP ORD SHS,other,cboe,2026-09-27T15:29:37Z
LASE,LASER PHOTONICS CORP COM,other,cboe,2026-09-27T15:29:37Z
LASR,NLIGHT INC COM,other,cboe,2026-09-27T15:29:37Z
LCID,LUCID GROUP INC COM NEW,auto,cboe,2026-09-27T15:29:37Z
LDI,LOANDEPOT INC COM CL A,other,cboe,2026-09-27T15:29:37Z
LEN,LENNAR CORP CL A,other,cboe,2026-09-27T15:29:37Z
LHX,L3HARRIS TECHNOLOGIES INC COM,defense,cboe,2026-09-27T15:29:37Z
LI,LI AUTO INC SPONSORED ADS,other,cboe,2026-09-27T15:29:37Z
LITE,LUMENTUM HLDGS INC COM,other,cboe,2026-09-27T15:29:37Z
LLY,ELI LILLY & CO COM,other,cboe,2026-09-27T15:29:37Z
LMND,LEMONADE INC COM,other,cboe,2026-09-27T15:29:37Z
LMT,LOCKHEED MARTIN CORP COM,defense,cboe,2026-09-27T15:29:37Z
LNG,CHENIERE ENERGY INC COM NEW,energy,cboe,2026-09-27T15:29:37Z
LOW,LOWES COS INC COM,retail,cboe,2026-09-27T15:29:37Z
LQDA,LIQUIDIA CORPORATION COM NEW,other,cboe,2026-09-27T15:29:37Z
LRCX,LAM RESEARCH CORP COM NEW,semiconductor,cboe,2026-09-27T15:29:37Z
LULU,LULULEMON ATHLETICA INC COM,other,cboe,2026-09-27T15:29:37Z
LUMN,LUMEN TECHNOLOGIES INC COM,other,cboe,2026-09-27T15:29:37Z
LUNR,INTUITIVE MACHINES INC CLASS A COM,other,cboe,2026-09-27T15:29:37Z
LUV,SOUTHWEST AIRLS CO COM,other,cboe,2026-09-27T15:29:37Z
LVS,LAS VEGAS SANDS CORP COM,energy,cboe,2026-09-27T15:29:37Z
LYFT,LYFT INC CL A COM,internet,cboe,2026-09-27T15:29:37Z
LYV,LIVE NATION ENTERTAINMENT INC COM,other,cboe,2026-09-27T15:29:37Z
M,MACYS INC COM,other,cboe,2026-09-27T15:29:37Z
MA,MASTERCARD INCORPORATED CL A,fintech,cboe,2026-09-27T15:29:37Z
MAR,MARRIOTT INTL INC NEW CL A,other,cboe,2026-09-27T15:29:37Z
MARA,MARA HOLDINGS INC COM,other,cboe,2026-09-27T15:29:37Z
MBLY,MOBILEYE GLOBAL INC COMMON CLASS A,other,cboe,2026-09-27T15:29:37Z
MBTX,Cboe Mini Bitcoin Index,other,cboe,2026-09-27T15:29:37Z
MCD,MCDONALDS CORP COM,retail,cboe,2026-09-27T15:29:37Z
MCHP,MICROCHIP TECHNOLOGY INC. COM,other,cboe,2026-09-27T15:29:37Z
MDB,MONGODB INC CL A,other,cboe,2026-09-27T15:29:37Z
MDLZ,MONDELEZ INTL INC CL A,other,cboe,2026-09-27T15:29:37Z
MDT,MEDTRONIC PLC SHS,other,cboe,2026-09-27T15:29:37Z
MELI,MERCADOLIBRE INC COM,other,cboe,2026-09-27T15:29:37Z
META,META PLATFORMS INC CL A,internet,cboe,2026-09-27T15:29:37Z
MGTN,CBOE Magnificent 10 Index,other,cboe,2026-09-27T15:29:37Z
MMM,3M CO COM,other,cboe,2026-09-27T15:29:37Z
MNKD,MANNKIND CORP COM NEW,other,cboe,2026-09-27T15:29:37Z
MO,ALTRIA GROUP INC COM,other,cboe,2026-09-27T15:29:37Z
MOS,MOSAIC CO COM,other,cboe,2026-09-27T15:29:37Z
MP,MP MATERIALS CORP COM CL A,other,cboe,2026-09-27T15:29:37Z
MPT,MEDICAL PROPERTIES TRUST INC COM,other,cboe,2026-09-27T15:29:37Z
MRK,MERCK & CO INC COM,biotech,cboe,2026-09-27T15:29:37Z
MRNA,MODERNA INC COM,biotech,cboe,2026-09-27T15:29:37Z
MRUT,Mini Russell 2000 Index,other,cboe,2026-09-27T15:29:37Z
MRVL,MARVELL TECHNOLOGY INC COM,semiconductor,cboe,2026-09-27T15:29:37Z
MS,MORGAN STANLEY COM NEW,banking,cboe,2026-09-27T15:29:37Z
MSFT,MICROSOFT CORP COM,software,cboe,2026-09-27T15:29:37Z
MSTR,STRATEGY INC CL A NEW,other,cboe,2026-09-27T15:29:37Z
MT,ARCELORMITTAL SA LUXEMBOURG NY REGISTRY SH,other,cboe,2026-09-27T15:29:37Z
MU,MICRON TECHNOLOGY INC COM,semiconductor,cboe,2026-09-27T15:29:37Z
MVIS,MICROVISION INC DEL COM,other,cboe,2026-09-27T15:29:37Z
NAK,NORTHERN DYNASTY MINERALS LTD COM NEW,other,cboe,2026-09-27T15:29:37Z
NANOS,NANOS Index,other,cboe,2026-09-27T15:29:37Z
NB,NIOCORP DEVS LTD COM NEW,auto,cboe,2026-09-27T15:29:37Z
NBIS,NEBIUS GROUP N.V. SHS CLASS A,other,cboe,2026-09-27T15:29:37Z
NCLH,NORWEGIAN CRUISE LINE HLDGS LT SHS,other,cboe,2026-09-27T15:29:37Z
NDAQ,NASDAQ INC COM,other,cboe,2026-09-27T15:29:37Z
NEE,NEXTERA ENERGY INC COM,energy,cboe,2026-09-27T15:29:37Z
NEM,NEWMONT CORP COM,other,cboe,2026-09-27T15:29:37Z
NET,CLOUDFLARE INC CL A COM,software,cboe,2026-09-27T15:29:37Z
NFE,NEW FORTRESS ENERGY INC COM CL A,energy,cboe,2026-09-27T15:29:37Z
NIO,NIO INC SPON ADS,auto,cboe,2026-09-27T15:29:37Z
NKE,NIKE INC CL B,other,cboe,2026-09-27T15:29:37Z
NLY,ANNALY CAPITAL MANAGEMENT INC COM NEW,real_estate,cboe,2026-09-27T15:29:37Z
NMAX,NEWSMAX INC COM SHS CLASS B,other,cboe,2026-09-27T15:29:37Z
NN,NEXTNAV INC COMMON STOCK,other,cboe,2026-09-27T15:29:37Z
NNE,NANO NUCLEAR ENERGY INC COM,energy,cboe,2026-09-27T15:29:37Z
NOK,NOKIA CORP SPONSORED ADR,telecom,cboe,2026-09-27T15:29:37Z
NOW,SERVICENOW INC COM,other,cboe,2026-09-27T15:29:37Z
NRG,NRG ENERGY INC COM NEW,energy,cboe,2026-09-27T15:29:37Z
NTR,NUTRIEN LTD COM,other,cboe,2026-09-27T15:29:37Z
NU,NU HLDGS LTD ORD SHS CL A,other,cboe,2026-09-27T15:29:37Z
NUAI,NEW ERA ENERGY & DIGITAL INC COM,energy,cboe,2026-09-27T15:29:37Z
NVAX,NOVAVAX INC COM NEW,other,cboe,2026-09-27T15:29:37Z
NVDA,NVIDIA CORPORATION COM,semiconductor,cboe,2026-09-27T15:29:37Z
NVO,NOVO-NORDISK A S ADR,other,cboe,2026-09-27T15:29:37Z
NVTS,NAVITAS SEMICONDUCTOR CORP COM,semiconductor,cboe,2026-09-27T15:29:37Z
ODD,ODDITY TECH LTD SHS CL A,other,cboe,2026-09-27T15:29:37Z
OEX,S&P 100 index American-style,other,cboe,2026-09-27T15:29:37Z
OKLO,OKLO INC COM CL A,other,cboe,2026-09-27T15:29:37Z
OKTA,OKTA INC CL A,other,cboe,2026-09-27T15:29:37Z
ON,ON SEMICONDUCTOR CORP COM,semiconductor,cboe,2026-09-27T15:29:37Z
ONDS,ONDAS INC COM NEW,other,cboe,2026-09-27T15:29:37Z
ONON,ON HLDG AG NAMEN AKT A,other,cboe,2026-09-27T15:29:37Z
OPEN,OPENDOOR TECHNOLOGIES INC COM,other,cboe,2026-09-27T15:29:37Z
ORBS,EIGHTCO HOLDINGS INC COM,other,cboe,2026-09-27T15:29:37Z
ORCL,ORACLE CORP COM,software,cboe,2026-09-27T15:29:37Z
OSCR,OSCAR HEALTH INC CL A,other,cboe,2026-09-27T15:29:37Z
OUST,OUSTER INC COM NEW,other,cboe,2026-09-27T15:29:37Z
OWL,BLUE OWL CAPITAL INC COM CL A,other,cboe,2026-09-27T15:29:37Z
OXY,OCCIDENTAL PETE CORP COM,other,cboe,2026-09-27T15:29:37Z
PAA,PLAINS ALL AMERN PIPELINE L P UNIT LTD PARTN,other,cboe,2026-09-27T15:29:37Z
PAAS,PAN AMERN SILVER CORP COM,other,cboe,2026-09-27T15:29:37Z
PANW,PALO ALTO NETWORKS INC COM,software,cboe,2026-09-27T15:29:37Z
PATH,UIPATH INC CL A,other,cboe,2026-09-27T15:29:37Z
PBR,PETROLEO BRASILEIRO S A SPONSORED ADR,other,cboe,2026-09-27T15:29:37Z
PCG,PG&E CORP COM,other,cboe,2026-09-27T15:29:37Z
PCT,PURECYCLE TECHNOLOGIES INC COM,other,cboe,2026-09-27T15:29:37Z
PDD,PDD HOLDINGS INC SPONSORED ADS,other,cboe,2026-09-27T15:29:37Z
PDSB,PDS BIOTECHNOLOGY CORP COM,biotech,cboe,2026-09-27T15:29:37Z
PEP,PEPSICO INC COM,other,cboe,2026-09-27T15:29:37Z
PFE,PFIZER INC COM,biotech,cboe,2026-09-27T15:29:37Z
PG,PROCTER & GAMBLE CO COM,other,cboe,2026-09-27T15:29:37Z
PGR,PROGRESSIVE CORP COM,other,cboe,2026-09-27T15:29:37Z
PHM,PULTE GROUP INC COM,other,cboe,2026-09-27T15:29:37Z
PINS,PINTEREST INC CL A,internet,cboe,2026-09-27T15:29:37Z
PL,PLANET LABS PBC COM CL A,other,cboe,2026-09-27T15:29:37Z
PLTR,PALANTIR TECHNOLOGIES INC CL A,software,cboe,2026-09-27T15:29:37Z
PLUG,PLUG PWR INC COM NEW,other,cboe,2026-09-27T15:29:37Z
PM,PHILIP MORRIS INTL INC COM,other,cboe,2026-09-27T15:29:37Z
PNC,PNC FINL SVCS GROUP INC COM,other,cboe,2026-09-27T15:29:37Z
POET,POET TECHNOLOGIES INC COM NEW,other,cboe,2026-09-27T15:29:37Z
PONY,PONY AI INC SPONSORED ADS,other,cboe,2026-09-27T15:29:37Z
PPG,PPG INDS INC COM,other,cboe,2026-09-27T15:29:37Z
PSKY,PARAMOUNT SKYDANCE CORP COM CL B,other,cboe,2026-09-27T15:29:37Z
PSX,PHILLIPS 66 COM,other,cboe,2026-09-27T15:29:37Z
PTON,PELOTON INTERACTIVE INC CL A COM,retail,cboe,2026-09-27T15:29:37Z
PURR,HYPERLIQUID STRATEGIES INC COM,other,cboe,2026-09-27T15:29:37Z
PYPL,PAYPAL HLDGS INC COM,fintech,cboe,2026-09-27T15:29:37Z
QBTS,D-WAVE QUANTUM INC COM,other,cboe,2026-09-27T15:29:37Z
QCOM,QUALCOMM INC COM,semiconductor,cboe,2026-09-27T15:29:37Z
QQQ,INVESCO QQQ TR UNIT SER 1,other,cboe,2026-09-27T15:29:37Z
QS,QUANTUMSCAPE CORP COM CL A,other,cboe,2026-09-27T15:29:37Z
QSI,QUANTUM SI INC COM CL A,other,cboe,2026-09-27T15:29:37Z
QUBT,QUANTUM COMPUTING INC COM,other,cboe,2026-09-27T15:29:37Z
QXO,QXO INC COM NEW,other,cboe,2026-09-27T15:29:37Z
RACE,FERRARI N V COM,auto,cboe,2026-09-27T15:29:37Z
RARE,ULTRAGENYX PHARMACEUTICAL INC COM,biotech,cboe,2026-09-27T15:29:37Z
RBLX,ROBLOX CORP CL A,other,cboe,2026-09-27T15:29:37Z
RBRK,RUBRIK INC. CL A,other,cboe,2026-09-27T15:29:37Z
RCAT,RED CAT HLDGS INC COM,other,cboe,2026-09-27T15:29:37Z
RCL,ROYAL CARIBBEAN GROUP COM,other,cboe,2026-09-27T15:29:37Z
RDDT,REDDIT INC CL A,other,cboe,2026-09-27T15:29:37Z
RDW,REDWIRE CORPORATION COM,other,cboe,2026-09-27T15:29:37Z
REGN,REGENERON PHARMACEUTICALS COM,biotech,cboe,2026-09-27T15:29:37Z
REPL,REPLIMUNE GROUP INC COM,other,cboe,2026-09-27T15:29:37Z
RGTI,RIGETTI COMPUTING INC COMMON STOCK,other,cboe,2026-09-27T15:29:37Z
RH,RH COM,other,cboe,2026-09-27T15:29:37Z
RIG,TRANSOCEAN LTD REGISTERED SHS,other,cboe,2026-09-27T15:29:37Z
RILY,BRC GROUP HOLDINGS INC COM,other,cboe,2026-09-27T15:29:37Z
RIOT,RIOT PLATFORMS INC COM,other,cboe,2026-09-27T15:29:37Z
RIVN,RIVIAN AUTOMOTIVE INC COM CL A,auto,cboe,2026-09-27T15:29:37Z
RKLB,ROCKET LAB CORP COM,other,cboe,2026-09-27T15:29:37Z
RKT,ROCKET COS INC COM CL A,other,cboe,2026-09-27T15:29:37Z
RNG,RINGCENTRAL INC CL A,other,cboe,2026-09-27T15:29:37Z
ROKU,ROKU INC COM CL A,other,cboe,2026-09-27T15:29:37Z
ROST,ROSS STORES INC COM,other,cboe,2026-09-27T15:29:37Z
RR,RICHTECH ROBOTICS INC CL B,other,cboe,2026-09-27T15:29:37Z
RSP,INVESCO EXCHANGE TRADED FD TR S&P500 EQL WGT,other,cboe,2026-09-27T15:29:37Z
RTX,RTX CORPORATION COM,defense,cboe,2026-09-27T15:29:37Z
RUM,RUM GROUP INC COM CL A,other,cboe,2026-09-27T15:29:37Z
RUN,SUNRUN INC COM,energy,cboe,2026-09-27T15:29:37Z
RUT,Russell 2000 Index,other,cboe,2026-09-27T15:29:37Z
RXRX,RECURSION PHARMACEUTICALS INC CL A,biotech,cboe,2026-09-27T15:29:37Z
RXT,RACKSPACE TECHNOLOGY INC COM,other,cboe,2026-09-27T15:29:37Z
RZLV,REZOLVE AI PLC ORD SHS,other,cboe,2026-09-27T15:29:37Z
S,SENTINELONE INC CL A,other,cboe,2026-09-27T15:29:37Z
SAP,SAP SE SPON ADR,other,cboe,2026-09-27T15:29:37Z
SBET,SHARPLINK INC COM NEW,other,cboe,2026-09-27T15:29:37Z
SBUX,STARBUCKS CORP COM,retail,cboe,2026-09-27T15:29:37Z
SCCO,SOUTHERN COPPER CORP COM,other,cboe,2026-09-27T15:29:37Z
SCHD,SCHWAB STRATEGIC TR US DIVIDEND EQ,banking,cboe,2026-09-27T15:29:37Z
SCHW,CHARLES SCHWAB CORP (THE) COM,banking,cboe,2026-09-27T15:29:37Z
SCO,PROSHARES TR II ULSHT BLOOMB OIL,energy,cboe,2026-09-27T15:29:37Z
SE,SEA LTD SPONSORD ADS,other,cboe,2026-09-27T15:29:37Z
SEDG,SOLAREDGE TECHNOLOGIES INC COM,energy,cboe,2026-09-27T15:29:37Z
SERV,SERVE ROBOTICS INC COM,other,cboe,2026-09-27T15:29:37Z
SG,SWEETGREEN INC COM CL A,other,cboe,2026-09-27T15:29:37Z
SHAK,SHAKE SHACK INC CL A,other,cboe,2026-09-27T15:29:37Z
SHEL,SHELL PLC SPON ADS,other,cboe,2026-09-27T15:29:37Z
SHOP,SHOPIFY INC CL A SUB VTG SHS,software,cboe,2026-09-27T15:29:37Z
SIG,SIGNET JEWELERS LTD SHS,other,cboe,2026-09-27T15:29:37Z
SIRI,SIRIUSXM HOLDINGS INC COMMON STOCK,other,cboe,2026-09-27T15:29:37Z
SKHY,SK HYNIX INC AMERICAN DEPOSIT,other,cboe,2026-09-27T15:29:37Z
SLB,SLB LIMITED COM STK,other,cboe,2026-09-27T15:29:37Z
SLS,SELLAS LIFE SCIENCES GROUP INC COM NEW,other,cboe,2026-09-27T15:29:37Z
SLV,ISHARES SILVER TR ISHARES,other,cboe,2026-09-27T15:29:37Z
SMCI,SUPER MICRO COMPUTER INC COM NEW,other,cboe,2026-09-27T15:29:37Z
SMMT,SUMMIT THERAPEUTICS INC COM,other,cboe,2026-09-27T15:29:37Z
SMR,NUSCALE PWR CORP CL A COM,other,cboe,2026-09-27T15:29:37Z
SMTC,SEMTECH CORP COM,other,cboe,2026-09-27T15:29:37Z
SNAP,SNAP INC CL A,other,cboe,2026-09-27T15:29:37Z
SNDK,SANDISK CORP COM,other,cboe,2026-09-27T15:29:37Z
SNOW,SNOWFLAKE INC COM SHS,software,cboe,2026-09-27T15:29:37Z
SNPS,SYNOPSYS INC COM,software,cboe,2026-09-27T15:29:37Z
SO,SOUTHERN CO COM,other,cboe,2026-09-27T15:29:37Z
SOC,SABLE OFFSHORE CORP COM SHS,other,cboe,2026-09-27T15:29:37Z
SOFI,SOFI TECHNOLOGIES INC COM,other,cboe,2026-09-27T15:29:37Z
SONY,SONY GROUP CORP SPONSORED ADR,other,cboe,2026-09-27T15:29:37Z
SOUN,SOUNDHOUND AI INC CLASS A COM,other,cboe,2026-09-27T15:29:37Z
SOXX,ISHARES TR ISHARES SEMICDTR,other,cboe,2026-09-27T15:29:37Z
SPCE,VIRGIN GALACTIC HOLDINGS INC COM NEW,other,cboe,2026-09-27T15:29:37Z
SPCX,SPACE EXPLORATION TECHN CORP CLASS A COM STK,other,cboe,2026-09-27T15:29:37Z
SPEQX,SP500 Equal Weight Index,other,cboe,2026-09-27T15:29:37Z
SPGI,S&P GLOBAL INC COM,other,cboe,2026-09-27T15:29:37Z
SPOT,SPOTIFY TECHNOLOGY S A SHS,internet,cboe,2026-09-27T15:29:37Z
SPX,SPX,other,cboe,2026-09-27T15:29:37Z
SQQQ,PROSHARES TR ULTRAPRO SHORT,other,cboe,2026-09-27T15:29:37Z
SRPT,SAREPTA THERAPEUTICS INC COM,other,cboe,2026-09-27T15:29:37Z
SSO,PROSHARES TR PSHS ULT S&P 500,other,cboe,2026-09-27T15:29:37Z
STLA,STELLANTIS N.V SHS,other,cboe,2026-09-27T15:29:37Z
STM,STMICROELECTRONICS N V NY REGISTRY,other,cboe,2026-09-27T15:29:37Z
STUB,STUBHUB HLDGS INC CL A,other,cboe,2026-09-27T15:29:37Z
STX,SEAGATE TECHNOLOGY HLDNGS PLC ORD SHS,other,cboe,2026-09-27T15:29:37Z
STZ,CONSTELLATION BRANDS INC CL A,other,cboe,2026-09-27T15:29:37Z
SU,SUNCOR ENERGY INC NEW COM,energy,cboe,2026-09-27T15:29:37Z
SVIA,SILVIA INC COM SHS,other,cboe,2026-09-27T15:29:37Z
SYM,SYMBOTIC INC CLASS A COM,other,cboe,2026-09-27T15:29:37Z
T,AT&T INC COM,telecom,cboe,2026-09-27T15:29:37Z
TDOC,TELADOC HEALTH INC COM,other,cboe,2026-09-27T15:29:37Z
TE,T1 ENERGY INC COM NEW,energy,cboe,2026-09-27T15:29:37Z
TEAM,ATLASSIAN CORPORATION CL A,other,cboe,2026-09-27T15:29:37Z
TECK,TECK RESOURCES LTD CL B,other,cboe,2026-09-27T15:29:37Z
TEM,TEMPUS AI INC CL A,other,cboe,2026-09-27T15:29:37Z
TER,TERADYNE INC COM,other,cboe,2026-09-27T15:29:37Z
TEVA,TEVA PHARMACEUTICAL INDS LTD SHS,biotech,cboe,2026-09-27T15:29:37Z
TGT,TARGET CORP COM,retail,cboe,2026-09-27T15:29:37Z
TIGR,UP FINTECH HLDG LTD SPONSORED ADS,other,cboe,2026-09-27T15:29:37Z
TJX,TJX COS INC NEW COM,other,cboe,2026-09-27T15:29:37Z
TLN,TALEN ENERGY CORP COM,energy,cboe,2026-09-27T15:29:37Z
TLRY,TILRAY BRANDS INC COM,other,cboe,2026-09-27T15:29:37Z
TMC,TMC THE METALS COMPANY INC COM,other,cboe,2026-09-27T15:29:37Z
TMDX,TRANSMEDICS GROUP INC COM,other,cboe,2026-09-27T15:29:37Z
TMO,THERMO FISHER SCIENTIFIC INC COM,other,cboe,2026-09-27T15:29:37Z
TMUS,T-MOBILE US INC COM,telecom,cboe,2026-09-27T15:29:37Z
TOST,TOAST INC CL A,other,cboe,2026-09-27T15:29:37Z
TPR,TAPESTRY INC COM,other,cboe,2026-09-27T15:29:37Z
TQQQ,PROSHARES TR ULTRAPRO QQQ,other,cboe,2026-09-27T15:29:37Z
TRIP,TRIPADVISOR INC COM,other,cboe,2026-09-27T15:29:37Z
TSCO,TRACTOR SUPPLY CO COM,other,cboe,2026-09-27T15:29:37Z
TSEM,TOWER SEMICONDUCTOR LTD SHS NEW,semiconductor,cboe,2026-09-27T15:29:37Z
TSLA,TESLA INC COM,auto,cboe,2026-09-27T15:29:37Z
TSM,TAIWAN SEMICONDUCTOR MANUFACT SPONSORED ADS,semiconductor,cboe,2026-09-27T15:29:37Z
TTD,THE TRADE DESK INC COM CL A,other,cboe,2026-09-27T15:29:37Z
TTWO,TAKE-TWO INTERACTIVE SOFTWARE COM,software,cboe,2026-09-27T15:29:37Z
TWLO,TWILIO INC CL A,other,cboe,2026-09-27T15:29:37Z
TXN,TEXAS INSTRS INC COM,other,cboe,2026-09-27T15:29:37Z
TXRH,TEXAS ROADHOUSE INC COM,other,cboe,2026-09-27T15:29:37Z
U,UNITY SOFTWARE INC COM,software,cboe,2026-09-27T15:29:37Z
UAL,UNITED AIRLS HLDGS INC COM,other,cboe,2026-09-27T15:29:37Z
UAMY,UNITED STATES ANTIMONY CORP COM,other,cboe,2026-09-27T15:29:37Z
UBER,UBER TECHNOLOGIES INC COM,internet,cboe,2026-09-27T15:29:37Z
UEC,URANIUM ENERGY CORP COM,energy,cboe,2026-09-27T15:29:37Z
UL,UNILEVER PLC SPON ADR NEW,other,cboe,2026-09-27T15:29:37Z
ULTA,ULTA BEAUTY INC COM,other,cboe,2026-09-27T15:29:37Z
UMAC,UNUSUAL MACHS INC COM SHS,other,cboe,2026-09-27T15:29:37Z
UNG,UNITED STS NAT GAS FD LP UNIT PAR,energy,cboe,2026-09-27T15:29:37Z
UNH,UNITEDHEALTH GROUP INC COM,other,cboe,2026-09-27T15:29:37Z
UNP,UNION PAC CORP COM,auto,cboe,2026-09-27T15:29:37Z
UPRO,PROSHARES TR ULTRPRO S&P500,other,cboe,2026-09-27T15:29:37Z
UPS,UNITED PARCEL SVCS INC CL B,other,cboe,2026-09-27T15:29:37Z
UPST,UPSTART HLDGS INC COM,other,cboe,2026-09-27T15:29:37Z
UPXI,UPEXI INC COM NEW,other,cboe,2026-09-27T15:29:37Z
URA,GLOBAL X FDS GLOBAL X URANIUM,other,cboe,2026-09-27T15:29:37Z
URBN,URBAN OUTFITTERS INC COM,other,cboe,2026-09-27T15:29:37Z
URI,UNITED RENTALS INC COM,other,cboe,2026-09-27T15:29:37Z
USAR,USA RARE EARTH INC COM,other,cboe,2026-09-27T15:29:37Z
USB,US BANCORP COM NEW,other,cboe,2026-09-27T15:29:37Z
USO,UNITED STS OIL FD LP UNITS,energy,cboe,2026-09-27T15:29:37Z
UUUU,ENERGY FUELS INC COM NEW,energy,cboe,2026-09-27T15:29:37Z
UWMC,UWM HOLDINGS CORPORATION COM CL A,other,cboe,2026-09-27T15:29:37Z
V,VISA INC COM CL A,fintech,cboe,2026-09-27T15:29:37Z
VALE,VALE S A SPONSORED ADS,other,cboe,2026-09-27T15:29:37Z
VERU,VERU INC COM NEW,other,cboe,2026-09-27T15:29:37Z
VFC,V F CORP COM,other,cboe,2026-09-27T15:29:37Z
VG,VENTURE GLOBAL INC COM CL A,other,cboe,2026-09-27T15:29:37Z
VIX,CBOE Volatility Index,other,cboe,2026-09-27T15:29:37Z
VKTX,VIKING THERAPEUTICS INC COM,other,cboe,2026-09-27T15:29:37Z
VLO,VALERO ENERGY CORP COM,energy,cboe,2026-09-27T15:29:37Z
VOD,VODAFONE GROUP PLC SPONSORED ADR,other,cboe,2026-09-27T15:29:37Z
VRT,VERTIV HOLDINGS CO COM CL A,other,cboe,2026-09-27T15:29:37Z
VRTX,VERTEX PHARMACEUTICALS INC COM,biotech,cboe,2026-09-27T15:29:37Z
VST,VISTRA CORP COM,other,cboe,2026-09-27T15:29:37Z
VXUS,VANGUARD STAR FDS VG TL INTL STK F,other,cboe,2026-09-27T15:29:37Z
VZ,VERIZON COMMUNICATIONS INC COM,telecom,cboe,2026-09-27T15:29:37Z
W,WAYFAIR INC CL A,other,cboe,2026-09-27T15:29:37Z
WBD,WARNER BROS DISCOVERY INC COM SER A,other,cboe,2026-09-27T15:29:37Z
WDAY,WORKDAY INC CL A,other,cboe,2026-09-27T15:29:37Z
WDC,WESTERN DIGITAL CORP COM,other,cboe,2026-09-27T15:29:37Z
WEN,WENDYS CO COM,other,cboe,2026-09-27T15:29:37Z
WFC,WELLS FARGO & CO COM,banking,cboe,2026-09-27T15:29:37Z
WGS,GENEDX HOLDINGS CORP COM CL A,other,cboe,2026-09-27T15:29:37Z
WMB,WILLIAMS COS INC COM,other,cboe,2026-09-27T15:29:37Z
WMT,WALMART INC COM,retail,cboe,2026-09-27T15:29:37Z
WOLF,WOLFSPEED INC COMMON STOCK,other,cboe,2026-09-27T15:29:37Z
WPM,WHEATON PRECIOUS METALS CORP COM,other,cboe,2026-09-27T15:29:37Z
WRBY,WARBY PARKER INC CL A COM,other,cboe,2026-09-27T15:29:37Z
WULF,TERAWULF INC COM,other,cboe,2026-09-27T15:29:37Z
WYNN,WYNN RESORTS LTD COM,other,cboe,2026-09-27T15:29:37Z
XBI,SPDR SERIES TRUST ST STR SP BIOT,other,cboe,2026-09-27T15:29:37Z
XE,X-ENERGY INC COM CL A,energy,cboe,2026-09-27T15:29:37Z
XEO,S&P 100 index European-style,other,cboe,2026-09-27T15:29:37Z
XHB,SPDR SERIES TRUST ST STR SP HOME,other,cboe,2026-09-27T15:29:37Z
XNDU,XANADU QUANTUM TECHNOLO LTD SUB VTG B,other,cboe,2026-09-27T15:29:37Z
XOM,EXXONMOBIL HOLDINGS CORP COM SHS,other,cboe,2026-09-27T15:29:37Z
XOP,SPDR SERIES TRUST SP O&G EXPL PRO,other,cboe,2026-09-27T15:29:37Z
XP,XP INC CL A,other,cboe,2026-09-27T15:29:37Z
XPEV,XPENG INC ADS,auto,cboe,2026-09-27T15:29:37Z
XRT,SPDR SERIES TRUST ST STR SP RETAIL,other,cboe,2026-09-27T15:29:37Z
XSP,Mini-SPX,other,cboe,2026-09-27T15:29:37Z
XSPBX,MiniSPXBinaryOptions,other,cboe,2026-09-27T15:29:37Z
XYZ,BLOCK INC CL A,fintech,cboe,2026-09-27T15:29:37Z
ZETA,ZETA GLOBAL HOLDINGS CORP CL A,other,cboe,2026-09-27T15:29:37Z
ZIM,ZIM INTEGRATED SHIPPING SERV SHS,other,cboe,2026-09-27T15:29:37Z
ZM,ZOOM COMMUNICATIONS INC CL A,other,cboe,2026-09-27T15:29:37Z
ZS,ZSCALER INC COM,other,cboe,2026-09-27T15:29:37Z
ZSL,PROSHARES TR II ULTRA SHORT SILV,other,cboe,2026-09-27T15:29:37Z
