symbol,company_name,asset_type,sector,source,fetched_at
AMDL,GRANITESHARES ETF TR GRANITE 2X LONG,ETF/ETN,index_fund,cboe,2026-09-27T15:29:37Z
ARKG,ARK Genomic Revolution ETF,ETF/ETN,index_fund,cboe,2026-09-27T15:29:37Z
ARKK,ARK Innovation ETF,ETF/ETN,index_fund,cboe,2026-09-27T15:29:37Z
ASHR,DBX ETF TR XTRACK HRVST CSI,ETF/ETN,index_fund,cboe,2026-09-27T15:29:37Z
BITO,PROSHARES TR BITCOIN ETF,ETF/ETN,index_fund,cboe,2026-09-27T15:29:37Z
BITX,2x Bitcoin ETF,ETF/ETN,index_fund,cboe,2026-09-27T15:29:37Z
BKLN,INVESCO EXCHANGE-TRADED FD TR SR LN ETF,ETF/ETN,index_fund,cboe,2026-09-27T15:29:37Z
DPST,DIREXION SHARES ETF TRUST DAILY BANKS ETF,ETF/ETN,index_fund,cboe,2026-09-27T15:29:37Z
DRAM,Roundhill Memory ETF,ETF/ETN,index_fund,cboe,2026-09-27T15:29:37Z
EEM,ISHARES TR MSCI EMG MKT ETF,ETF/ETN,index_fund,cboe,2026-09-27T15:29:37Z
EFA,ISHARES TR MSCI EAFE ETF,ETF/ETN,index_fund,cboe,2026-09-27T15:29:37Z
ETHE,GRAYSCALE ETHEREUM STAKING ETF SHS,ETF/ETN,index_fund,cboe,2026-09-27T15:29:37Z
ETHU,2x Ether ETF,ETF/ETN,index_fund,cboe,2026-09-27T15:29:37Z
EWJ,ISHARES INC MSCI JAPAN ETF,ETF/ETN,index_fund,cboe,2026-09-27T15:29:37Z
EWY,ISHARES INC MSCI STH KOR ETF,ETF/ETN,index_fund,cboe,2026-09-27T15:29:37Z
EWZ,ISHARES INC MSCI BRAZIL ETF,ETF/ETN,index_fund,cboe,2026-09-27T15:29:37Z
FAS,DIREXION SHARES ETF TRUST DAILY FINANCIAL,ETF/ETN,index_fund,cboe,2026-09-27T15:29:37Z
FEZ,SPDR INDEX SHS FDS ST STR EU 50 ETF,ETF/ETN,index_fund,cboe,2026-09-27T15:29:37Z
FXI,ISHARES TR CHINA LG-CAP ETF,ETF/ETN,index_fund,cboe,2026-09-27T15:29:37Z
GBTC,GRAYSCALE BITCOIN TRUST ETF SHS REP COM UT,ETF/ETN,index_fund,cboe,2026-09-27T15:29:37Z
GDX,VANECK ETF TRUST GOLD MINERS ETF,ETF/ETN,index_fund,cboe,2026-09-27T15:29:37Z
GDXJ,VANECK ETF TRUST JUNIOR GOLD MINE,ETF/ETN,index_fund,cboe,2026-09-27T15:29:37Z
HYG,ISHARES TR IBOXX HI YD ETF,ETF/ETN,index_fund,cboe,2026-09-27T15:29:37Z
IBIT,ISHARES BITCOIN TRUST ETF SHS BEN INT,ETF/ETN,index_fund,cboe,2026-09-27T15:29:37Z
ICLN,ISHARES TR GL CLEAN ENE ETF,ETF/ETN,index_fund,cboe,2026-09-27T15:29:37Z
IGV,iShares Expanded Tech-Software Sector ETF,ETF/ETN,index_fund,cboe,2026-09-27T15:29:37Z
IQQ,ISHARES TR NASDAQ 100 ETF,ETF/ETN,index_fund,cboe,2026-09-27T15:29:37Z
IVV,ISHARES TR CORE S&P500 ETF,ETF/ETN,index_fund,cboe,2026-09-27T15:29:37Z
IWM,ISHARES TR RUSSELL 2000 ETF,ETF/ETN,index_fund,cboe,2026-09-27T15:29:37Z
IYR,ISHARES TR U.S. REAL ES ETF,ETF/ETN,index_fund,cboe,2026-09-27T15:29:37Z
JETS,ETF SER SOLUTIONS US GLB JETS,ETF/ETN,index_fund,cboe,2026-09-27T15:29:37Z
KORU,DIREXION SHARES ETF TRUST DAIL MS KORE ETF,ETF/ETN,index_fund,cboe,2026-09-27T15:29:37Z
LABD,DIREXION SHARES ETF TRUST DAI BIO BEA ETF,ETF/ETN,index_fund,cboe,2026-09-27T15:29:37Z
LABU,DIREXION SHARES ETF TRUST DA BI BU 3X ETF,ETF/ETN,index_fund,cboe,2026-09-27T15:29:37Z
LQD,ISHARES TR IBOXX INV CP ETF,ETF/ETN,index_fund,cboe,2026-09-27T15:29:37Z
MAGS,Roundhill Magnificent Seven ETF,ETF/ETN,index_fund,cboe,2026-09-27T15:29:37Z
METU,DIREXION SHARES ETF TRUST DLY META BULL 2X,ETF/ETN,index_fund,cboe,2026-09-27T15:29:37Z
MSOS,ADVISORSHARES TR PURE US CANN ETF,ETF/ETN,index_fund,cboe,2026-09-27T15:29:37Z
MSTU,T-Rex 2X Long MSTR Daily Target ETF,ETF/ETN,index_fund,cboe,2026-09-27T15:29:37Z
MSTX,TIDAL TRUST II DE 2X LO MS ETF,ETF/ETN,index_fund,cboe,2026-09-27T15:29:37Z
MTUM,iShares MSCI USA Momentum Factor ETF,ETF/ETN,index_fund,cboe,2026-09-27T15:29:37Z
MUU,DIREXION SHARES ETF TRUST DLY MU BULL 2X,ETF/ETN,index_fund,cboe,2026-09-27T15:29:37Z
NAIL,DIREXION SHARES ETF TRUST DAIL HO SUPP ETF,ETF/ETN,index_fund,cboe,2026-09-27T15:29:37Z
NASA,TEMA ETF TRUST SPACE INNOV ETF,ETF/ETN,index_fund,cboe,2026-09-27T15:29:37Z
NFLX,NETFLIX INC. COM,ETF/ETN,index_fund,cboe,2026-09-27T15:29:37Z
NUGT,DIREXION SHARES ETF TRUST DAI GOL BUL ETF,ETF/ETN,index_fund,cboe,2026-09-27T15:29:37Z
NVDL,GRANITESHARES ETF TR 2X LONG NVDA ETF,ETF/ETN,index_fund,cboe,2026-09-27T15:29:37Z
NVDX,T-Rex 2X Long NVIDIA Daily Target ETF,ETF/ETN,index_fund,cboe,2026-09-27T15:29:37Z
SILJ,AMPLIFY ETF TR JR SILV MINE ETF,ETF/ETN,index_fund,cboe,2026-09-27T15:29:37Z
SMH,VANECK ETF TRUST SEMICONDUCTR ETF,ETF/ETN,index_fund,cboe,2026-09-27T15:29:37Z
SNXX,Tradr 2X Long SNDK Daily ETF,ETF/ETN,index_fund,cboe,2026-09-27T15:29:37Z
SOXL,DIREXION SHARES ETF TRUST DAI SEM BUL ETF,ETF/ETN,index_fund,cboe,2026-09-27T15:29:37Z
SOXS,DIREXION SHARES ETF TRUST DAI SEM 3X ETF,ETF/ETN,index_fund,cboe,2026-09-27T15:29:37Z
SPCH,Leverage Shares 2X Long SPCX Daily ETF,ETF/ETN,index_fund,cboe,2026-09-27T15:29:37Z
SPXL,DIREXION SHARES ETF TRUST DA 500 BU 3X ETF,ETF/ETN,index_fund,cboe,2026-09-27T15:29:37Z
SPXS,DIREXION SHARES ETF TRUST DA 500 BE 3X ETF,ETF/ETN,index_fund,cboe,2026-09-27T15:29:37Z
SPY,STATE STR SPDR S&P 500 ETF TR TR UNIT,ETF/ETN,index_fund,cboe,2026-09-27T15:29:37Z
SVIX,-1x Short VIX Futures ETF,ETF/ETN,index_fund,cboe,2026-09-27T15:29:37Z
TLT,ISHARES TR 20 YR TR BD ETF,ETF/ETN,index_fund,cboe,2026-09-27T15:29:37Z
TMF,DIREXION SHARES ETF TRUST DLY 20 YR TRESUR,ETF/ETN,index_fund,cboe,2026-09-27T15:29:37Z
TNA,DIREXION SHARES ETF TRUST DAILY SMALL CAP,ETF/ETN,index_fund,cboe,2026-09-27T15:29:37Z
TSLL,DIREXION SHARES ETF TRUST DLY TSLA BULL 2X,ETF/ETN,index_fund,cboe,2026-09-27T15:29:37Z
TZA,DIREXION SHARES ETF TRUST DAILY SMALL CAP,ETF/ETN,index_fund,cboe,2026-09-27T15:29:37Z
UVIX,2x Long VIX Futures ETF,ETF/ETN,index_fund,cboe,2026-09-27T15:29:37Z
UVXY,ProShares Ultra VIX Short-Term Futures ETF,ETF/ETN,index_fund,cboe,2026-09-27T15:29:37Z
VOO,VANGUARD INDEX FDS S&P 500 ETF SHS,ETF/ETN,index_fund,cboe,2026-09-27T15:29:37Z
VXX,iPath Series B S&P 500 VIX Short-Term Futures ETN,ETF/ETN,index_fund,cboe,2026-09-27T15:29:37Z
XLB,SELECT SECTOR SPDR TR ST STR MATER ETF,ETF/ETN,index_fund,cboe,2026-09-27T15:29:37Z
XLC,SELECT SECTOR SPDR TR ST STR SVC ETF,ETF/ETN,index_fund,cboe,2026-09-27T15:29:37Z
XLE,SELECT SECTOR SPDR TR ST STR ENERG ETF,ETF/ETN,index_fund,cboe,2026-09-27T15:29:37Z
XLF,SELECT SECTOR SPDR TR ST STR FINL ETF,ETF/ETN,index_fund,cboe,2026-09-27T15:29:37Z
XLI,SELECT SECTOR SPDR TR ST STR INDL ETF,ETF/ETN,index_fund,cboe,2026-09-27T15:29:37Z
XLK,SELECT SECTOR SPDR TR ST STR TECHN ETF,ETF/ETN,index_fund,cboe,2026-09-27T15:29:37Z
XLP,SELECT SECTOR SPDR TR ST STR STAPL ETF,ETF/ETN,index_fund,cboe,2026-09-27T15:29:37Z
XLU,SELECT SECTOR SPDR TR ST STR UTIL ETF,ETF/ETN,index_fund,cboe,2026-09-27T15:29:37Z
XLV,SELECT SECTOR SPDR TR ST STR CARE ETF,ETF/ETN,index_fund,cboe,2026-09-27T15:29:37Z
XLY,SELECT SECTOR SPDR TR ST STR DISCR ETF,ETF/ETN,index_fund,cboe,2026-09-27T15:29:37Z
YINN,DIREXION SHARES ETF TRUST DA FT CH BU ETF,ETF/ETN,index_fund,cboe,2026-09-27T15:29:37Z
AA,ALCOA CORP COM,Stock,other,cboe,2026-09-27T15:29:37Z
AAL,AMERICAN AIRLINES GROUP INC COM,Stock,other,cboe,2026-09-27T15:29:37Z
AAOI,APPLIED OPTOELECTRONICS INC COM,Stock,other,cboe,2026-09-27T15:29:37Z
AAP,ADVANCE AUTO PARTS INC COM,Stock,other,cboe,2026-09-27T15:29:37Z
AAPL,APPLE INC COM,Stock,other,cboe,2026-09-27T15:29:37Z
ABBV,ABBVIE INC COM,Stock,other,cboe,2026-09-27T15:29:37Z
ABNB,AIRBNB INC COM CL A,Stock,internet,cboe,2026-09-27T15:29:37Z
ABR,ARBOR REALTY TRUST INC COM,Stock,real_estate,cboe,2026-09-27T15:29:37Z
ABT,ABBOTT LABORATORIES COM,Stock,other,cboe,2026-09-27T15:29:37Z
ABTC,AMERICAN BITCOIN CORP. COM CL A,Stock,other,cboe,2026-09-27T15:29:37Z
ABVX,ABIVAX SA SPONSORED ADS,Stock,other,cboe,2026-09-27T15:29:37Z
ACHR,ARCHER AVIATION INC COM CL A,Stock,other,cboe,2026-09-27T15:29:37Z
ACI,ALBERTSONS COMPANIES INC COMMON STOCK,Stock,other,cboe,2026-09-27T15:29:37Z
ACMR,ACM RESH INC COM CL A,Stock,other,cboe,2026-09-27T15:29:37Z
ACN,ACCENTURE PLC IRELAND SHS CLASS A,Stock,other,cboe,2026-09-27T15:29:37Z
ADBE,ADOBE INC COM,Stock,software,cboe,2026-09-27T15:29:37Z
ADI,ANALOG DEVICES INC COM,Stock,other,cboe,2026-09-27T15:29:37Z
ADP,AUTOMATIC DATA PROCESSING INC COM,Stock,other,cboe,2026-09-27T15:29:37Z
ADSK,AUTODESK INC COM,Stock,other,cboe,2026-09-27T15:29:37Z
AEHR,AEHR TEST SYS COM,Stock,other,cboe,2026-09-27T15:29:37Z
AEM,AGNICO EAGLE MINES LTD COM,Stock,other,cboe,2026-09-27T15:29:37Z
AEO,AMERICAN EAGLE OUTFITTERS INC COM,Stock,other,cboe,2026-09-27T15:29:37Z
AFL,AFLAC INC COM,Stock,other,cboe,2026-09-27T15:29:37Z
AFRM,AFFIRM HLDGS INC COM CL A,Stock,other,cboe,2026-09-27T15:29:37Z
AG,FIRST MAJESTIC SILVER CORP COM,Stock,other,cboe,2026-09-27T15:29:37Z
AGNC,AGNC INVT CORP COM,Stock,other,cboe,2026-09-27T15:29:37Z
AGQ,PROSHARES TR II ULTRA SILVER NEW,Stock,other,cboe,2026-09-27T15:29:37Z
AI,C3 AI INC CL A,Stock,other,cboe,2026-09-27T15:29:37Z
AIG,AMERICAN INTL GROUP INC COM NEW,Stock,other,cboe,2026-09-27T15:29:37Z
AKAM,AKAMAI TECHNOLOGIES INC COM,Stock,other,cboe,2026-09-27T15:29:37Z
ALAB,ASTERA LABS INC COM,Stock,other,cboe,2026-09-27T15:29:37Z
ALB,ALBEMARLE CORP COM,Stock,other,cboe,2026-09-27T15:29:37Z
ALDX,ALDEYRA THERAPEUTICS INC COM,Stock,other,cboe,2026-09-27T15:29:37Z
ALGN,ALIGN TECHNOLOGY INC COM,Stock,other,cboe,2026-09-27T15:29:37Z
ALT,ALTIMMUNE INC COM NEW,Stock,other,cboe,2026-09-27T15:29:37Z
AMAT,APPLIED MATLS INC COM,Stock,semiconductor,cboe,2026-09-27T15:29:37Z
AMBA,AMBARELLA INC SHS,Stock,other,cboe,2026-09-27T15:29:37Z
AMC,AMC ENTMT HLDGS INC CL A NEW,Stock,other,cboe,2026-09-27T15:29:37Z
AMD,ADVANCED MICRO DEVICES INC COM,Stock,semiconductor,cboe,2026-09-27T15:29:37Z
AMGN,AMGEN INC COM,Stock,biotech,cboe,2026-09-27T15:29:37Z
AMKR,AMKOR TECHNOLOGY INC COM,Stock,other,cboe,2026-09-27T15:29:37Z
AMPG,AMPLITECH GROUP INC COM NEW,Stock,other,cboe,2026-09-27T15:29:37Z
AMPX,AMPRIUS TECHNOLOGIES INC COMMON STOCK,Stock,other,cboe,2026-09-27T15:29:37Z
AMZN,AMAZON COM INC COM,Stock,internet,cboe,2026-09-27T15:29:37Z
ANET,ARISTA NETWORKS INC COM SHS,Stock,other,cboe,2026-09-27T15:29:37Z
ANF,ABERCROMBIE & FITCH CO CL A,Stock,other,cboe,2026-09-27T15:29:37Z
ANVS,ANNOVIS BIO INC COM,Stock,other,cboe,2026-09-27T15:29:37Z
APA,APA CORPORATION COM,Stock,other,cboe,2026-09-27T15:29:37Z
APLD,APPLIED DIGITAL CORP COM NEW,Stock,other,cboe,2026-09-27T15:29:37Z
APO,APOLLO GLOBAL MGMT INC COM,Stock,other,cboe,2026-09-27T15:29:37Z
APP,APPLOVIN CORP COM CL A,Stock,other,cboe,2026-09-27T15:29:37Z
APT,ALPHA PRO TECH LTD COM,Stock,other,cboe,2026-09-27T15:29:37Z
AR,ANTERO RESOURCES CORP COM,Stock,other,cboe,2026-09-27T15:29:37Z
ARES,ARES MANAGEMENT CORPORATION CL A COM STK,Stock,other,cboe,2026-09-27T15:29:37Z
ARM,ARM HOLDINGS PLC SPONSORED ADS,Stock,other,cboe,2026-09-27T15:29:37Z
AS,AMER SPORTS INC COM SHS,Stock,other,cboe,2026-09-27T15:29:37Z
ASML,ASML HLDG NV N Y REGISTRY SHS,Stock,other,cboe,2026-09-27T15:29:37Z
ASO,ACADEMY SPORTS & OUTDOORS INC COM,Stock,other,cboe,2026-09-27T15:29:37Z
ASPI,ASP ISOTOPES INC COM,Stock,other,cboe,2026-09-27T15:29:37Z
ASST,STRIVE INC CL A COM,Stock,other,cboe,2026-09-27T15:29:37Z
ASTS,AST SPACEMOBILE INC COM CL A,Stock,other,cboe,2026-09-27T15:29:37Z
AUR,AURORA INNOVATION INC CLASS A COM,Stock,other,cboe,2026-09-27T15:29:37Z
AVAV,AEROVIRONMENT INC COM,Stock,other,cboe,2026-09-27T15:29:37Z
AVGO,BROADCOM INC COM,Stock,semiconductor,cboe,2026-09-27T15:29:37Z
AXON,AXON ENTERPRISE INC COM,Stock,other,cboe,2026-09-27T15:29:37Z
AXP,AMERICAN EXPRESS CO COM,Stock,banking,cboe,2026-09-27T15:29:37Z
AXTI,AXT INC COM,Stock,other,cboe,2026-09-27T15:29:37Z
B,BARRICK MNG CORP COM SHS,Stock,other,cboe,2026-09-27T15:29:37Z
BA,BOEING CO COM,Stock,defense,cboe,2026-09-27T15:29:37Z
BABA,ALIBABA GROUP HLDG LTD SPONSORED ADS,Stock,other,cboe,2026-09-27T15:29:37Z
BAC,BANK OF AMER CORP COM,Stock,banking,cboe,2026-09-27T15:29:37Z
BAX,BAXTER INTL INC COM,Stock,other,cboe,2026-09-27T15:29:37Z
BB,BLACKBERRY LTD COM,Stock,other,cboe,2026-09-27T15:29:37Z
BBAI,BIGBEAR AI HLDGS INC COM,Stock,other,cboe,2026-09-27T15:29:37Z
BBWI,BATH & BODY WORKS INC COM,Stock,other,cboe,2026-09-27T15:29:37Z
BBY,BEST BUY INC COM,Stock,other,cboe,2026-09-27T15:29:37Z
BE,BLOOM ENERGY CORP COM CL A,Stock,energy,cboe,2026-09-27T15:29:37Z
BEKE,KE HLDGS INC SPONSORED ADS,Stock,other,cboe,2026-09-27T15:29:37Z
BHC,BAUSCH HEALTH COS INC COM,Stock,other,cboe,2026-09-27T15:29:37Z
BIDU,BAIDU INC SPON ADR REP A,Stock,other,cboe,2026-09-27T15:29:37Z
BIIB,BIOGEN INC COM,Stock,other,cboe,2026-09-27T15:29:37Z
BILL,BILL HOLDINGS INC COM,Stock,other,cboe,2026-09-27T15:29:37Z
BKKT,BAKKT INC COM CL A NEW,Stock,other,cboe,2026-09-27T15:29:37Z
BKNG,BOOKING HOLDINGS INC COM,Stock,other,cboe,2026-09-27T15:29:37Z
BLK,BLACKROCK INC COM,Stock,banking,cboe,2026-09-27T15:29:37Z
BLSH,BULLISH ORD SHS,Stock,other,cboe,2026-09-27T15:29:37Z
BMNR,BITMINE IMMERSION TECHS INC COM NEW,Stock,other,cboe,2026-09-27T15:29:37Z
BMY,BRISTOL-MYERS SQUIBB CO COM,Stock,other,cboe,2026-09-27T15:29:37Z
BNO,UNITED STS BRENT OIL FD LP UNIT,Stock,energy,cboe,2026-09-27T15:29:37Z
BOIL,PROSHARES TR II ULTRA BLOOMBERG,Stock,other,cboe,2026-09-27T15:29:37Z
BP,BP PLC SPONSORED ADR,Stock,other,cboe,2026-09-27T15:29:37Z
BRK.B,BERKSHIRE HATHAWAY INC DEL CL B NEW,Stock,other,cboe,2026-09-27T15:29:37Z
BROS,DUTCH BROS INC CL A,Stock,other,cboe,2026-09-27T15:29:37Z
BRUN,BOOST RUN INC ORD SHS CL A,Stock,other,cboe,2026-09-27T15:29:37Z
BSX,BOSTON SCIENTIFIC CORP COM,Stock,other,cboe,2026-09-27T15:29:37Z
BTBT,BIT DIGITAL INC SHS,Stock,other,cboe,2026-09-27T15:29:37Z
BTDR,BITDEER TECHNOLOGIES GROUP CL A ORD SHS,Stock,other,cboe,2026-09-27T15:29:37Z
BTG,B2GOLD CORP COM,Stock,other,cboe,2026-09-27T15:29:37Z
BTU,PEABODY ENGR CORP COM,Stock,other,cboe,2026-09-27T15:29:37Z
BUD,ANHEUSER BUSCH INBEV SA NV SPONSORED ADR,Stock,other,cboe,2026-09-27T15:29:37Z
BULL,WEBULL CORP ORD SHS,Stock,other,cboe,2026-09-27T15:29:37Z
BURL,BURLINGTON STORES INC COM,Stock,other,cboe,2026-09-27T15:29:37Z
BW,BABCOCK & WILCOX ENTERPRISES COM,Stock,other,cboe,2026-09-27T15:29:37Z
BX,BLACKSTONE INC COM,Stock,other,cboe,2026-09-27T15:29:37Z
BYND,BEYOND MEAT INC COM,Stock,other,cboe,2026-09-27T15:29:37Z
C,CITIGROUP INC COM NEW,Stock,banking,cboe,2026-09-27T15:29:37Z
CAG,CONAGRA BRANDS INC COM,Stock,other,cboe,2026-09-27T15:29:37Z
CAH,CARDINAL HEALTH INC COM,Stock,other,cboe,2026-09-27T15:29:37Z
CAPR,CAPRICOR THERAPEUTICS INC COM NEW,Stock,other,cboe,2026-09-27T15:29:37Z
CAR,AVIS BUDGET GROUP INC COM,Stock,other,cboe,2026-09-27T15:29:37Z
CARR,CARRIER GLOBAL CORPORATION COM,Stock,other,cboe,2026-09-27T15:29:37Z
CART,MAPLEBEAR INC COM,Stock,other,cboe,2026-09-27T15:29:37Z
CAT,CATERPILLAR INC COM,Stock,other,cboe,2026-09-27T15:29:37Z
CAVA,CAVA GROUP INC COM,Stock,other,cboe,2026-09-27T15:29:37Z
CBOE,"Cboe Global Markets, Inc.",Stock,other,cboe,2026-09-27T15:29:37Z
CBRS,CEREBRAS SYSTEMS INC COM CL A,Stock,other,cboe,2026-09-27T15:29:37Z
CBTX,Cboe Bitcoin Index,Stock,other,cboe,2026-09-27T15:29:37Z
CC,CHEMOURS CO COM,Stock,other,cboe,2026-09-27T15:29:37Z
CCJ,CAMECO CORP COM,Stock,other,cboe,2026-09-27T15:29:37Z
CCL,CARNIVAL CORP LTD COMMON SHARES,Stock,other,cboe,2026-09-27T15:29:37Z
CDE,COEUR MNG INC COM NEW,Stock,other,cboe,2026-09-27T15:29:37Z
CDNS,CADENCE DESIGN SYSTEM INC COM,Stock,software,cboe,2026-09-27T15:29:37Z
CEG,CONSTELLATION ENERGY CORP COM,Stock,energy,cboe,2026-09-27T15:29:37Z
CELH,CELSIUS HLDGS INC COM NEW,Stock,other,cboe,2026-09-27T15:29:37Z
CF,CF INDUSTRIES HOLD COM,Stock,other,cboe,2026-09-27T15:29:37Z
CGC,CANOPY GROWTH CORPORATION COM NEW,Stock,other,cboe,2026-09-27T15:29:37Z
CHTR,CHARTER COMMUNICATIONS INC CL A,Stock,telecom,cboe,2026-09-27T15:29:37Z
CHWY,CHEWY INC CL A,Stock,other,cboe,2026-09-27T15:29:37Z
CI,THE CIGNA GROUP COM,Stock,other,cboe,2026-09-27T15:29:37Z
CIEN,CIENA CORP COM NEW,Stock,other,cboe,2026-09-27T15:29:37Z
CIFR,CIPHER DIGITAL INC COM,Stock,other,cboe,2026-09-27T15:29:37Z
CL,COLGATE PALMOLIVE CO COM,Stock,other,cboe,2026-09-27T15:29:37Z
CLF,CLEVELAND-CLIFFS INC NEW COM,Stock,other,cboe,2026-09-27T15:29:37Z
CLOV,CLOVER HEALTH INVESTMENTS CORP COM CL A,Stock,other,cboe,2026-09-27T15:29:37Z
CLS,CELESTICA INC COM,Stock,other,cboe,2026-09-27T15:29:37Z
CLSK,CLEANSPARK INC COM NEW,Stock,other,cboe,2026-09-27T15:29:37Z
CMCSA,COMCAST CORP NEW CL A,Stock,telecom,cboe,2026-09-27T15:29:37Z
CME,CME GROUP INC COM,Stock,other,cboe,2026-09-27T15:29:37Z
CMG,CHIPOTLE MEXICAN GRILL INC COM,Stock,retail,cboe,2026-09-27T15:29:37Z
CNC,CENTENE CORP DEL COM,Stock,other,cboe,2026-09-27T15:29:37Z
CNQ,CANADIAN NAT RES LTD MED TERM COM,Stock,other,cboe,2026-09-27T15:29:37Z
COF,CAPITAL ONE FINL CORP COM,Stock,banking,cboe,2026-09-27T15:29:37Z
COHR,COHERENT CORP COM,Stock,other,cboe,2026-09-27T15:29:37Z
COIN,COINBASE GLOBAL INC COM CL A,Stock,fintech,cboe,2026-09-27T15:29:37Z
COP,CONOCOPHILLIPS COM,Stock,other,cboe,2026-09-27T15:29:37Z
COPX,GLOBAL X FDS GLOBAL X COPPER,Stock,other,cboe,2026-09-27T15:29:37Z
CORZ,CORE SCIENTIFIC INC NEW COM,Stock,other,cboe,2026-09-27T15:29:37Z
COST,COSTCO WHOLESALE CORPORATION COM,Stock,retail,cboe,2026-09-27T15:29:37Z
CPB,THE CAMPBELLS COMPANY COM,Stock,other,cboe,2026-09-27T15:29:37Z
CPNG,COUPANG INC CL A,Stock,other,cboe,2026-09-27T15:29:37Z
CRCL,CIRCLE INTERNET GROUP INC COM CL A,Stock,other,cboe,2026-09-27T15:29:37Z
CRDO,CREDO TECHNOLOGY GROUP HOLDING ORDINARY SHARES,Stock,other,cboe,2026-09-27T15:29:37Z
CRH,CRH PLC ORD,Stock,other,cboe,2026-09-27T15:29:37Z
CRM,SALESFORCE INC COM,Stock,software,cboe,2026-09-27T15:29:37Z
CRML,CRITICAL METALS CORP PUBCO ORD SHS,Stock,other,cboe,2026-09-27T15:29:37Z
CRSP,CRISPR THERAPEUTICS AG NAMEN AKT,Stock,other,cboe,2026-09-27T15:29:37Z
CRWD,CROWDSTRIKE HLDGS INC CL A,Stock,software,cboe,2026-09-27T15:29:37Z
CRWV,COREWEAVE INC COM CL A,Stock,other,cboe,2026-09-27T15:29:37Z
CSCO,CISCO SYS INC COM,Stock,other,cboe,2026-09-27T15:29:37Z
CSIQ,CANADIAN SOLAR INC COM,Stock,energy,cboe,2026-09-27T15:29:37Z
CSX,CSX CORP COM,Stock,other,cboe,2026-09-27T15:29:37Z
CTAS,CINTAS CORP COM,Stock,other,cboe,2026-09-27T15:29:37Z
CVNA,CARVANA CO CL A,Stock,other,cboe,2026-09-27T15:29:37Z
CVS,CVS HEALTH CORP COM,Stock,other,cboe,2026-09-27T15:29:37Z
CVX,CHEVRON CORPORATION COM,Stock,other,cboe,2026-09-27T15:29:37Z
CYPH,CYPHERPUNK TECHNOLOGIES INC COM NEW,Stock,other,cboe,2026-09-27T15:29:37Z
CZR,CAESARS ENTERTAINMENT INC NEW COM,Stock,other,cboe,2026-09-27T15:29:37Z
DAL,DELTA AIR LINES INC COM NEW,Stock,other,cboe,2026-09-27T15:29:37Z
DASH,DOORDASH INC CL A,Stock,internet,cboe,2026-09-27T15:29:37Z
DAVE,DAVE INC CLASS A COM NEW,Stock,other,cboe,2026-09-27T15:29:37Z
DBRG,DIGITALBRIDGE GROUP INC CL A NEW,Stock,other,cboe,2026-09-27T15:29:37Z
DBX,DROPBOX INC CL A,Stock,other,cboe,2026-09-27T15:29:37Z
DDOG,DATADOG INC CL A COM,Stock,other,cboe,2026-09-27T15:29:37Z
DE,DEERE & CO COM,Stock,other,cboe,2026-09-27T15:29:37Z
DECK,DECKERS OUTDOOR CORP COM,Stock,other,cboe,2026-09-27T15:29:37Z
DELL,DELL TECHNOLOGIES INC CL C,Stock,other,cboe,2026-09-27T15:29:37Z
DG,DOLLAR GEN CORP COM,Stock,other,cboe,2026-09-27T15:29:37Z
DHI,D R HORTON INC COM,Stock,other,cboe,2026-09-27T15:29:37Z
DHR,DANAHER CORP DEL COM,Stock,other,cboe,2026-09-27T15:29:37Z
DIA,STATE STR SPDR DOW JONES INDL UT SER 1,Stock,other,cboe,2026-09-27T15:29:37Z
DIS,DISNEY WALT CO COM,Stock,other,cboe,2026-09-27T15:29:37Z
DJT,TRUMP MEDIA & TECHNOLOGY GROUP COM,Stock,other,cboe,2026-09-27T15:29:37Z
DJX,Dow Jones Industrial Average,Stock,other,cboe,2026-09-27T15:29:37Z
DKNG,DRAFTKINGS INC NEW COM CL A,Stock,retail,cboe,2026-09-27T15:29:37Z
DKS,DICKS SPORTING GOODS INC COM,Stock,other,cboe,2026-09-27T15:29:37Z
DLR,DIGITAL RLTY TR INC COM,Stock,other,cboe,2026-09-27T15:29:37Z
DLTR,DOLLAR TREE INC COM,Stock,other,cboe,2026-09-27T15:29:37Z
DNN,DENISON MINES CORP COM,Stock,other,cboe,2026-09-27T15:29:37Z
DNUT,KRISPY KREME INC COM,Stock,other,cboe,2026-09-27T15:29:37Z
DOCN,DIGITALOCEAN HLDGS INC COM,Stock,other,cboe,2026-09-27T15:29:37Z
DOCU,DOCUSIGN INC COM,Stock,other,cboe,2026-09-27T15:29:37Z
DOW,DOW HLDGS INC COM,Stock,other,cboe,2026-09-27T15:29:37Z
DPRO,DRAGANFLY INC. COM,Stock,other,cboe,2026-09-27T15:29:37Z
DUOL,DUOLINGO INC CL A COM,Stock,other,cboe,2026-09-27T15:29:37Z
DVN,DEVON ENERGY CORP NEW COM,Stock,energy,cboe,2026-09-27T15:29:37Z
DXCM,DEXCOM INC COM,Stock,other,cboe,2026-09-27T15:29:37Z
EBAY,EBAY INC. COM,Stock,other,cboe,2026-09-27T15:29:37Z
ECHO,ECHOSTAR CORP CL A,Stock,other,cboe,2026-09-27T15:29:37Z
EL,LAUDER ESTEE COS INC CL A,Stock,other,cboe,2026-09-27T15:29:37Z
ELF,E L F BEAUTY INC COM,Stock,other,cboe,2026-09-27T15:29:37Z
EMR,EMERSON ELEC CO COM,Stock,other,cboe,2026-09-27T15:29:37Z
ENPH,ENPHASE ENERGY INC COM,Stock,energy,cboe,2026-09-27T15:29:37Z
ENVX,ENOVIX CORPORATION COM,Stock,other,cboe,2026-09-27T15:29:37Z
EOG,EOG RES INC COM,Stock,other,cboe,2026-09-27T15:29:37Z
EOSE,EOS ENERGY ENTERPRISES INC COM CL A,Stock,energy,cboe,2026-09-27T15:29:37Z
EPD,ENTERPRISE PRODS PARTNERS L P COM,Stock,other,cboe,2026-09-27T15:29:37Z
EQT,EQT CORP COM,Stock,other,cboe,2026-09-27T15:29:37Z
ET,ENERGY TRANSFER L P COM UT LTD PTN,Stock,energy,cboe,2026-09-27T15:29:37Z
ETH,GRAYSCALE ETHEREUM STAKING SHS NEW,Stock,other,cboe,2026-09-27T15:29:37Z
ETHA,ISHARES ETHEREUM TR SHS,Stock,other,cboe,2026-09-27T15:29:37Z
ETN,EATON CORP PLC SHS,Stock,other,cboe,2026-09-27T15:29:37Z
ETSY,ETSY INC COM,Stock,internet,cboe,2026-09-27T15:29:37Z
EXE,EXPAND ENERGY CORPORATION COM,Stock,energy,cboe,2026-09-27T15:29:37Z
EXPE,EXPEDIA GROUP INC COM NEW,Stock,other,cboe,2026-09-27T15:29:37Z
F,FORD MTR CO COM,Stock,auto,cboe,2026-09-27T15:29:37Z
FBTC,Fidelity Wise Origin Bitcoin Fund,Stock,fintech,cboe,2026-09-27T15:29:37Z
FCEL,FUELCELL ENERGY INC COM NEW,Stock,energy,cboe,2026-09-27T15:29:37Z
FCX,FREEPORT MCMORAN INC CL B,Stock,other,cboe,2026-09-27T15:29:37Z
FDX,FEDEX CORP COM,Stock,other,cboe,2026-09-27T15:29:37Z
FIG,FIGMA INC CLASS A COM STK,Stock,other,cboe,2026-09-27T15:29:37Z
FIGR,FIGURE TECHNOLOGY SOLUTIO COM CL A,Stock,other,cboe,2026-09-27T15:29:37Z
FIS,FIDELITY NATL INFORMATION SVCS COM,Stock,fintech,cboe,2026-09-27T15:29:37Z
FISV,FISERV INC COM,Stock,other,cboe,2026-09-27T15:29:37Z
FLY,FIREFLY AEROSPACE INC COM,Stock,other,cboe,2026-09-27T15:29:37Z
FRMI,FERMI INC COM,Stock,other,cboe,2026-09-27T15:29:37Z
FSLR,FIRST SOLAR INC COM,Stock,energy,cboe,2026-09-27T15:29:37Z
FSLY,FASTLY INC CL A,Stock,other,cboe,2026-09-27T15:29:37Z
FTAI,FTAI AVIATION LTD SHS,Stock,other,cboe,2026-09-27T15:29:37Z
FTNT,FORTINET INC COM,Stock,other,cboe,2026-09-27T15:29:37Z
FUBO,FUBOTV INC COM NEW CL A,Stock,other,cboe,2026-09-27T15:29:37Z
FUTU,FUTU HLDGS LTD SPON ADS CL A,Stock,other,cboe,2026-09-27T15:29:37Z
GAP,GAP INC COM,Stock,other,cboe,2026-09-27T15:29:37Z
GD,GENERAL DYNAMICS CORP COM,Stock,defense,cboe,2026-09-27T15:29:37Z
GDDY,GODADDY INC CL A,Stock,other,cboe,2026-09-27T15:29:37Z
GE,GE AEROSPACE COM NEW,Stock,other,cboe,2026-09-27T15:29:37Z
GEHC,GE HEALTHCARE TECHNOLOGIES INC COMMON STOCK,Stock,other,cboe,2026-09-27T15:29:37Z
GEMI,GEMINI SPACE STA INC CL A COM,Stock,other,cboe,2026-09-27T15:29:37Z
GEV,GE VERNOVA INC COM,Stock,other,cboe,2026-09-27T15:29:37Z
GILD,GILEAD SCIENCES INC COM,Stock,biotech,cboe,2026-09-27T15:29:37Z
GLD,SPDR GOLD TR GOLD SHS,Stock,other,cboe,2026-09-27T15:29:37Z
GLW,CORNING INC COM,Stock,other,cboe,2026-09-27T15:29:37Z
GLXY,GALAXY DIGITAL INC. CL A,Stock,other,cboe,2026-09-27T15:29:37Z
GM,GENERAL MTRS CO COM,Stock,auto,cboe,2026-09-27T15:29:37Z
GME,GAMESTOP CORP CL A,Stock,retail,cboe,2026-09-27T15:29:37Z
GNRC,GENERAC HLDGS INC COM,Stock,other,cboe,2026-09-27T15:29:37Z
GOOG,ALPHABET INC CAP STK CL C,Stock,internet,cboe,2026-09-27T15:29:37Z
GOOGL,ALPHABET INC CAP STK CL A,Stock,internet,cboe,2026-09-27T15:29:37Z
GOOS,CANADA GOOSE HLDGS INC SHS SUB VTG,Stock,other,cboe,2026-09-27T15:29:37Z
GRAB,GRAB HOLDINGS LIMITED CLASS A ORD,Stock,other,cboe,2026-09-27T15:29:37Z
GRRR,GORILLA TECHNOLOGY GROUP INC SHS NEW,Stock,other,cboe,2026-09-27T15:29:37Z
GS,GOLDMAN SACHS GROUP INC COM,Stock,banking,cboe,2026-09-27T15:29:37Z
GSK,GSK PLC SPONSORED ADR,Stock,other,cboe,2026-09-27T15:29:37Z
GTLB,GITLAB INC CLASS A COM,Stock,other,cboe,2026-09-27T15:29:37Z
GTM,ZOOMINFO TECHNOLOGIES INC COMMON STOCK,Stock,other,cboe,2026-09-27T15:29:37Z
HAL,HALLIBURTON CO COM,Stock,other,cboe,2026-09-27T15:29:37Z
HD,HOME DEPOT INC COM,Stock,retail,cboe,2026-09-27T15:29:37Z
HIMS,HIMS & HERS HEALTH INC COM CL A,Stock,other,cboe,2026-09-27T15:29:37Z
HIVE,HIVE DIGITAL TECHNOLOGIES LTD COM NEW,Stock,other,cboe,2026-09-27T15:29:37Z
HL,HECLA MINING COMPANY COM,Stock,other,cboe,2026-09-27T15:29:37Z
HLF,HERBALIFE LTD COM SHS,Stock,other,cboe,2026-09-27T15:29:37Z
HLT,HILTON WORLDWIDE HLDGS INC COM,Stock,other,cboe,2026-09-27T15:29:37Z
HOG,HARLEY DAVIDSON INC COM,Stock,other,cboe,2026-09-27T15:29:37Z
HON,HONEYWELL INTL INC COM,Stock,other,cboe,2026-09-27T15:29:37Z
HOOD,ROBINHOOD MKTS INC COM CL A,Stock,other,cboe,2026-09-27T15:29:37Z
HPE,HEWLETT PACKARD ENTERPRISE CO COM,Stock,other,cboe,2026-09-27T15:29:37Z
HPQ,HP INC COM,Stock,other,cboe,2026-09-27T15:29:37Z
HRL,HORMEL FOODS CORP COM,Stock,other,cboe,2026-09-27T15:29:37Z
HSBC,HSBC HLDGS PLC SPON ADR NEW,Stock,other,cboe,2026-09-27T15:29:37Z
HSY,HERSHEY CO COM,Stock,other,cboe,2026-09-27T15:29:37Z
HTZ,HERTZ GLOBAL HLDGS INC COM NEW,Stock,other,cboe,2026-09-27T15:29:37Z
HUM,HUMANA INC COM,Stock,other,cboe,2026-09-27T15:29:37Z
HUT,HUT 8 CORP COM,Stock,other,cboe,2026-09-27T15:29:37Z
HWM,HOWMET AEROSPACE INC COM,Stock,other,cboe,2026-09-27T15:29:37Z
IAU,ISHARES GOLD TR ISHARES NEW,Stock,other,cboe,2026-09-27T15:29:37Z
IBKR,INTERACTIVE BROKERS GROUP INC COM CL A,Stock,other,cboe,2026-09-27T15:29:37Z
IBM,INTERNATIONAL BUSINESS MACHS COM,Stock,other,cboe,2026-09-27T15:29:37Z
IBRX,IMMUNITYBIO INC COM,Stock,other,cboe,2026-09-27T15:29:37Z
ICE,INTERCONTINENTAL EXCHANGE INC COM,Stock,other,cboe,2026-09-27T15:29:37Z
IEF,ISHARES TR 7-10 YR TRSY BD,Stock,other,cboe,2026-09-27T15:29:37Z
INFQ,INFLEQTION INC COM SHS,Stock,other,cboe,2026-09-27T15:29:37Z
INO,INOVIO PHARMACEUTICALS INC COM SHS,Stock,biotech,cboe,2026-09-27T15:29:37Z
INOD,INNODATA INC COM NEW,Stock,other,cboe,2026-09-27T15:29:37Z
INTC,INTEL CORP COM,Stock,semiconductor,cboe,2026-09-27T15:29:37Z
INTU,INTUIT COM,Stock,other,cboe,2026-09-27T15:29:37Z
IONQ,IONQ INC COM,Stock,other,cboe,2026-09-27T15:29:37Z
IOT,SAMSARA INC COM CL A,Stock,other,cboe,2026-09-27T15:29:37Z
IOVA,IOVANCE BIOTHERAPEUTICS INC COM,Stock,other,cboe,2026-09-27T15:29:37Z
IP,INTERNATIONAL PAPER CO COM,Stock,other,cboe,2026-09-27T15:29:37Z
IQ,IQIYI INC SPONSORED ADS,Stock,other,cboe,2026-09-27T15:29:37Z
IREN,IREN LIMITED ORDINARY SHARES,Stock,other,cboe,2026-09-27T15:29:37Z
IRM,IRON MTN INC DEL COM,Stock,other,cboe,2026-09-27T15:29:37Z
ISRG,INTUITIVE SURGICAL INC COM NEW,Stock,other,cboe,2026-09-27T15:29:37Z
JBL,JABIL INC COM,Stock,other,cboe,2026-09-27T15:29:37Z
JBLU,JETBLUE AIRWAYS CORP COM,Stock,other,cboe,2026-09-27T15:29:37Z
JD,JD.COM INC SPON ADS CL A,Stock,other,cboe,2026-09-27T15:29:37Z
JMIA,JUMIA TECHNOLOGIES AG SPONSORED ADS,Stock,other,cboe,2026-09-27T15:29:37Z
JNJ,JOHNSON & JOHNSON COM,Stock,biotech,cboe,2026-09-27T15:29:37Z
JOBY,JOBY AVIATION INC COMMON STOCK,Stock,other,cboe,2026-09-27T15:29:37Z
JPM,JPMORGAN CHASE & CO COM,Stock,banking,cboe,2026-09-27T15:29:37Z
KEEL,KEEL INFRASTRUCTURE CORP COM SHS,Stock,other,cboe,2026-09-27T15:29:37Z
KGC,KINROSS GOLD CORP COM,Stock,other,cboe,2026-09-27T15:29:37Z
KHC,KRAFT HEINZ CO COM,Stock,other,cboe,2026-09-27T15:29:37Z
KKR,KKR & CO INC COM,Stock,other,cboe,2026-09-27T15:29:37Z
KLAC,KLA CORP COM NEW,Stock,semiconductor,cboe,2026-09-27T15:29:37Z
KLAR,KLARNA GROUP PLC SHS,Stock,semiconductor,cboe,2026-09-27T15:29:37Z
KMB,KIMBERLY-CLARK CORP COM,Stock,other,cboe,2026-09-27T15:29:37Z
KMI,KINDER MORGAN INC DEL COM,Stock,other,cboe,2026-09-27T15:29:37Z
KO,COCA COLA CO COM,Stock,other,cboe,2026-09-27T15:29:37Z
KOLD,PROSHARES TR II ULSHT BLOOMB GAS,Stock,energy,cboe,2026-09-27T15:29:37Z
KOPN,KOPIN CORP COM,Stock,other,cboe,2026-09-27T15:29:37Z
KR,KROGER CO COM,Stock,other,cboe,2026-09-27T15:29:37Z
KRE,SPDR SERIES TRUST ST STR SP REGBNK,Stock,other,cboe,2026-09-27T15:29:37Z
KSS,KOHLS CORP COM,Stock,other,cboe,2026-09-27T15:29:37Z
KTOS,KRATOS DEFENSE & SEC SOLUTIONS COM NEW,Stock,defense,cboe,2026-09-27T15:29:37Z
KVUE,KENVUE INC COM,Stock,other,cboe,2026-09-27T15:29:37Z
KWEB,KRANESHARES TRUST CSI CHI INTERNET,Stock,other,cboe,2026-09-27T15:29:37Z
LAC,LITHIUM AMERS CORP NEW COM SHS,Stock,other,cboe,2026-09-27T15:29:37Z
LAES,SEALSQ CORP ORD SHS,Stock,other,cboe,2026-09-27T15:29:37Z
LASE,LASER PHOTONICS CORP COM,Stock,other,cboe,2026-09-27T15:29:37Z
LASR,NLIGHT INC COM,Stock,other,cboe,2026-09-27T15:29:37Z
LCID,LUCID GROUP INC COM NEW,Stock,auto,cboe,2026-09-27T15:29:37Z
LDI,LOANDEPOT INC COM CL A,Stock,other,cboe,2026-09-27T15:29:37Z
LEN,LENNAR CORP CL A,Stock,other,cboe,2026-09-27T15:29:37Z
LHX,L3HARRIS TECHNOLOGIES INC COM,Stock,defense,cboe,2026-09-27T15:29:37Z
LI,LI AUTO INC SPONSORED ADS,Stock,other,cboe,2026-09-27T15:29:37Z
LITE,LUMENTUM HLDGS INC COM,Stock,other,cboe,2026-09-27T15:29:37Z
LLY,ELI LILLY & CO COM,Stock,other,cboe,2026-09-27T15:29:37Z
LMND,LEMONADE INC COM,Stock,other,cboe,2026-09-27T15:29:37Z
LMT,LOCKHEED MARTIN CORP COM,Stock,defense,cboe,2026-09-27T15:29:37Z
LNG,CHENIERE ENERGY INC COM NEW,Stock,energy,cboe,2026-09-27T15:29:37Z
LOW,LOWES COS INC COM,Stock,retail,cboe,2026-09-27T15:29:37Z
LQDA,LIQUIDIA CORPORATION COM NEW,Stock,other,cboe,2026-09-27T15:29:37Z
LRCX,LAM RESEARCH CORP COM NEW,Stock,semiconductor,cboe,2026-09-27T15:29:37Z
LULU,LULULEMON ATHLETICA INC COM,Stock,other,cboe,2026-09-27T15:29:37Z
LUMN,LUMEN TECHNOLOGIES INC COM,Stock,other,cboe,2026-09-27T15:29:37Z
LUNR,INTUITIVE MACHINES INC CLASS A COM,Stock,other,cboe,2026-09-27T15:29:37Z
LUV,SOUTHWEST AIRLS CO COM,Stock,other,cboe,2026-09-27T15:29:37Z
LVS,LAS VEGAS SANDS CORP COM,Stock,energy,cboe,2026-09-27T15:29:37Z
LYFT,LYFT INC CL A COM,Stock,internet,cboe,2026-09-27T15:29:37Z
LYV,LIVE NATION ENTERTAINMENT INC COM,Stock,other,cboe,2026-09-27T15:29:37Z
M,MACYS INC COM,Stock,other,cboe,2026-09-27T15:29:37Z
MA,MASTERCARD INCORPORATED CL A,Stock,fintech,cboe,2026-09-27T15:29:37Z
MAR,MARRIOTT INTL INC NEW CL A,Stock,other,cboe,2026-09-27T15:29:37Z
MARA,MARA HOLDINGS INC COM,Stock,other,cboe,2026-09-27T15:29:37Z
MBLY,MOBILEYE GLOBAL INC COMMON CLASS A,Stock,other,cboe,2026-09-27T15:29:37Z
MBTX,Cboe Mini Bitcoin Index,Stock,other,cboe,2026-09-27T15:29:37Z
MCD,MCDONALDS CORP COM,Stock,retail,cboe,2026-09-27T15:29:37Z
MCHP,MICROCHIP TECHNOLOGY INC. COM,Stock,other,cboe,2026-09-27T15:29:37Z
MDB,MONGODB INC CL A,Stock,other,cboe,2026-09-27T15:29:37Z
MDLZ,MONDELEZ INTL INC CL A,Stock,other,cboe,2026-09-27T15:29:37Z
MDT,MEDTRONIC PLC SHS,Stock,other,cboe,2026-09-27T15:29:37Z
MELI,MERCADOLIBRE INC COM,Stock,other,cboe,2026-09-27T15:29:37Z
META,META PLATFORMS INC CL A,Stock,internet,cboe,2026-09-27T15:29:37Z
MGTN,CBOE Magnificent 10 Index,Stock,other,cboe,2026-09-27T15:29:37Z
MMM,3M CO COM,Stock,other,cboe,2026-09-27T15:29:37Z
MNKD,MANNKIND CORP COM NEW,Stock,other,cboe,2026-09-27T15:29:37Z
MO,ALTRIA GROUP INC COM,Stock,other,cboe,2026-09-27T15:29:37Z
MOS,MOSAIC CO COM,Stock,other,cboe,2026-09-27T15:29:37Z
MP,MP MATERIALS CORP COM CL A,Stock,other,cboe,2026-09-27T15:29:37Z
MPT,MEDICAL PROPERTIES TRUST INC COM,Stock,other,cboe,2026-09-27T15:29:37Z
MRK,MERCK & CO INC COM,Stock,biotech,cboe,2026-09-27T15:29:37Z
MRNA,MODERNA INC COM,Stock,biotech,cboe,2026-09-27T15:29:37Z
MRUT,Mini Russell 2000 Index,Stock,other,cboe,2026-09-27T15:29:37Z
MRVL,MARVELL TECHNOLOGY INC COM,Stock,semiconductor,cboe,2026-09-27T15:29:37Z
MS,MORGAN STANLEY COM NEW,Stock,banking,cboe,2026-09-27T15:29:37Z
MSFT,MICROSOFT CORP COM,Stock,software,cboe,2026-09-27T15:29:37Z
MSTR,STRATEGY INC CL A NEW,Stock,other,cboe,2026-09-27T15:29:37Z
MT,ARCELORMITTAL SA LUXEMBOURG NY REGISTRY SH,Stock,other,cboe,2026-09-27T15:29:37Z
MU,MICRON TECHNOLOGY INC COM,Stock,semiconductor,cboe,2026-09-27T15:29:37Z
MVIS,MICROVISION INC DEL COM,Stock,other,cboe,2026-09-27T15:29:37Z
NAK,NORTHERN DYNASTY MINERALS LTD COM NEW,Stock,other,cboe,2026-09-27T15:29:37Z
NANOS,NANOS Index,Stock,other,cboe,2026-09-27T15:29:37Z
NB,NIOCORP DEVS LTD COM NEW,Stock,auto,cboe,2026-09-27T15:29:37Z
NBIS,NEBIUS GROUP N.V. SHS CLASS A,Stock,other,cboe,2026-09-27T15:29:37Z
NCLH,NORWEGIAN CRUISE LINE HLDGS LT SHS,Stock,other,cboe,2026-09-27T15:29:37Z
NDAQ,NASDAQ INC COM,Stock,other,cboe,2026-09-27T15:29:37Z
NEE,NEXTERA ENERGY INC COM,Stock,energy,cboe,2026-09-27T15:29:37Z
NEM,NEWMONT CORP COM,Stock,other,cboe,2026-09-27T15:29:37Z
NET,CLOUDFLARE INC CL A COM,Stock,software,cboe,2026-09-27T15:29:37Z
NFE,NEW FORTRESS ENERGY INC COM CL A,Stock,energy,cboe,2026-09-27T15:29:37Z
NIO,NIO INC SPON ADS,Stock,auto,cboe,2026-09-27T15:29:37Z
NKE,NIKE INC CL B,Stock,other,cboe,2026-09-27T15:29:37Z
NLY,ANNALY CAPITAL MANAGEMENT INC COM NEW,Stock,real_estate,cboe,2026-09-27T15:29:37Z
NMAX,NEWSMAX INC COM SHS CLASS B,Stock,other,cboe,2026-09-27T15:29:37Z
NN,NEXTNAV INC COMMON STOCK,Stock,other,cboe,2026-09-27T15:29:37Z
NNE,NANO NUCLEAR ENERGY INC COM,Stock,energy,cboe,2026-09-27T15:29:37Z
NOK,NOKIA CORP SPONSORED ADR,Stock,telecom,cboe,2026-09-27T15:29:37Z
NOW,SERVICENOW INC COM,Stock,other,cboe,2026-09-27T15:29:37Z
NRG,NRG ENERGY INC COM NEW,Stock,energy,cboe,2026-09-27T15:29:37Z
NTR,NUTRIEN LTD COM,Stock,other,cboe,2026-09-27T15:29:37Z
NU,NU HLDGS LTD ORD SHS CL A,Stock,other,cboe,2026-09-27T15:29:37Z
NUAI,NEW ERA ENERGY & DIGITAL INC COM,Stock,energy,cboe,2026-09-27T15:29:37Z
NVAX,NOVAVAX INC COM NEW,Stock,other,cboe,2026-09-27T15:29:37Z
NVDA,NVIDIA CORPORATION COM,Stock,semiconductor,cboe,2026-09-27T15:29:37Z
NVO,NOVO-NORDISK A S ADR,Stock,other,cboe,2026-09-27T15:29:37Z
NVTS,NAVITAS SEMICONDUCTOR CORP COM,Stock,semiconductor,cboe,2026-09-27T15:29:37Z
ODD,ODDITY TECH LTD SHS CL A,Stock,other,cboe,2026-09-27T15:29:37Z
OEX,S&P 100 index American-style,Stock,other,cboe,2026-09-27T15:29:37Z
OKLO,OKLO INC COM CL A,Stock,other,cboe,2026-09-27T15:29:37Z
OKTA,OKTA INC CL A,Stock,other,cboe,2026-09-27T15:29:37Z
ON,ON SEMICONDUCTOR CORP COM,Stock,semiconductor,cboe,2026-09-27T15:29:37Z
ONDS,ONDAS INC COM NEW,Stock,other,cboe,2026-09-27T15:29:37Z
ONON,ON HLDG AG NAMEN AKT A,Stock,other,cboe,2026-09-27T15:29:37Z
OPEN,OPENDOOR TECHNOLOGIES INC COM,Stock,other,cboe,2026-09-27T15:29:37Z
ORBS,EIGHTCO HOLDINGS INC COM,Stock,other,cboe,2026-09-27T15:29:37Z
ORCL,ORACLE CORP COM,Stock,software,cboe,2026-09-27T15:29:37Z
OSCR,OSCAR HEALTH INC CL A,Stock,other,cboe,2026-09-27T15:29:37Z
OUST,OUSTER INC COM NEW,Stock,other,cboe,2026-09-27T15:29:37Z
OWL,BLUE OWL CAPITAL INC COM CL A,Stock,other,cboe,2026-09-27T15:29:37Z
OXY,OCCIDENTAL PETE CORP COM,Stock,other,cboe,2026-09-27T15:29:37Z
PAA,PLAINS ALL AMERN PIPELINE L P UNIT LTD PARTN,Stock,other,cboe,2026-09-27T15:29:37Z
PAAS,PAN AMERN SILVER CORP COM,Stock,other,cboe,2026-09-27T15:29:37Z
PANW,PALO ALTO NETWORKS INC COM,Stock,software,cboe,2026-09-27T15:29:37Z
PATH,UIPATH INC CL A,Stock,other,cboe,2026-09-27T15:29:37Z
PBR,PETROLEO BRASILEIRO S A SPONSORED ADR,Stock,other,cboe,2026-09-27T15:29:37Z
PCG,PG&E CORP COM,Stock,other,cboe,2026-09-27T15:29:37Z
PCT,PURECYCLE TECHNOLOGIES INC COM,Stock,other,cboe,2026-09-27T15:29:37Z
PDD,PDD HOLDINGS INC SPONSORED ADS,Stock,other,cboe,2026-09-27T15:29:37Z
PDSB,PDS BIOTECHNOLOGY CORP COM,Stock,biotech,cboe,2026-09-27T15:29:37Z
PEP,PEPSICO INC COM,Stock,other,cboe,2026-09-27T15:29:37Z
PFE,PFIZER INC COM,Stock,biotech,cboe,2026-09-27T15:29:37Z
PG,PROCTER & GAMBLE CO COM,Stock,other,cboe,2026-09-27T15:29:37Z
PGR,PROGRESSIVE CORP COM,Stock,other,cboe,2026-09-27T15:29:37Z
PHM,PULTE GROUP INC COM,Stock,other,cboe,2026-09-27T15:29:37Z
PINS,PINTEREST INC CL A,Stock,internet,cboe,2026-09-27T15:29:37Z
PL,PLANET LABS PBC COM CL A,Stock,other,cboe,2026-09-27T15:29:37Z
PLTR,PALANTIR TECHNOLOGIES INC CL A,Stock,software,cboe,2026-09-27T15:29:37Z
PLUG,PLUG PWR INC COM NEW,Stock,other,cboe,2026-09-27T15:29:37Z
PM,PHILIP MORRIS INTL INC COM,Stock,other,cboe,2026-09-27T15:29:37Z
PNC,PNC FINL SVCS GROUP INC COM,Stock,other,cboe,2026-09-27T15:29:37Z
POET,POET TECHNOLOGIES INC COM NEW,Stock,other,cboe,2026-09-27T15:29:37Z
PONY,PONY AI INC SPONSORED ADS,Stock,other,cboe,2026-09-27T15:29:37Z
PPG,PPG INDS INC COM,Stock,other,cboe,2026-09-27T15:29:37Z
PSKY,PARAMOUNT SKYDANCE CORP COM CL B,Stock,other,cboe,2026-09-27T15:29:37Z
PSX,PHILLIPS 66 COM,Stock,other,cboe,2026-09-27T15:29:37Z
PTON,PELOTON INTERACTIVE INC CL A COM,Stock,retail,cboe,2026-09-27T15:29:37Z
PURR,HYPERLIQUID STRATEGIES INC COM,Stock,other,cboe,2026-09-27T15:29:37Z
PYPL,PAYPAL HLDGS INC COM,Stock,fintech,cboe,2026-09-27T15:29:37Z
QBTS,D-WAVE QUANTUM INC COM,Stock,other,cboe,2026-09-27T15:29:37Z
QCOM,QUALCOMM INC COM,Stock,semiconductor,cboe,2026-09-27T15:29:37Z
QQQ,INVESCO QQQ TR UNIT SER 1,Stock,other,cboe,2026-09-27T15:29:37Z
QS,QUANTUMSCAPE CORP COM CL A,Stock,other,cboe,2026-09-27T15:29:37Z
QSI,QUANTUM SI INC COM CL A,Stock,other,cboe,2026-09-27T15:29:37Z
QUBT,QUANTUM COMPUTING INC COM,Stock,other,cboe,2026-09-27T15:29:37Z
QXO,QXO INC COM NEW,Stock,other,cboe,2026-09-27T15:29:37Z
RACE,FERRARI N V COM,Stock,auto,cboe,2026-09-27T15:29:37Z
RARE,ULTRAGENYX PHARMACEUTICAL INC COM,Stock,biotech,cboe,2026-09-27T15:29:37Z
RBLX,ROBLOX CORP CL A,Stock,other,cboe,2026-09-27T15:29:37Z
RBRK,RUBRIK INC. CL A,Stock,other,cboe,2026-09-27T15:29:37Z
RCAT,RED CAT HLDGS INC COM,Stock,other,cboe,2026-09-27T15:29:37Z
RCL,ROYAL CARIBBEAN GROUP COM,Stock,other,cboe,2026-09-27T15:29:37Z
RDDT,REDDIT INC CL A,Stock,other,cboe,2026-09-27T15:29:37Z
RDW,REDWIRE CORPORATION COM,Stock,other,cboe,2026-09-27T15:29:37Z
REGN,REGENERON PHARMACEUTICALS COM,Stock,biotech,cboe,2026-09-27T15:29:37Z
REPL,REPLIMUNE GROUP INC COM,Stock,other,cboe,2026-09-27T15:29:37Z
RGTI,RIGETTI COMPUTING INC COMMON STOCK,Stock,other,cboe,2026-09-27T15:29:37Z
RH,RH COM,Stock,other,cboe,2026-09-27T15:29:37Z
RIG,TRANSOCEAN LTD REGISTERED SHS,Stock,other,cboe,2026-09-27T15:29:37Z
RILY,BRC GROUP HOLDINGS INC COM,Stock,other,cboe,2026-09-27T15:29:37Z
RIOT,RIOT PLATFORMS INC COM,Stock,other,cboe,2026-09-27T15:29:37Z
RIVN,RIVIAN AUTOMOTIVE INC COM CL A,Stock,auto,cboe,2026-09-27T15:29:37Z
RKLB,ROCKET LAB CORP COM,Stock,other,cboe,2026-09-27T15:29:37Z
RKT,ROCKET COS INC COM CL A,Stock,other,cboe,2026-09-27T15:29:37Z
RNG,RINGCENTRAL INC CL A,Stock,other,cboe,2026-09-27T15:29:37Z
ROKU,ROKU INC COM CL A,Stock,other,cboe,2026-09-27T15:29:37Z
ROST,ROSS STORES INC COM,Stock,other,cboe,2026-09-27T15:29:37Z
RR,RICHTECH ROBOTICS INC CL B,Stock,other,cboe,2026-09-27T15:29:37Z
RSP,INVESCO EXCHANGE TRADED FD TR S&P500 EQL WGT,Stock,other,cboe,2026-09-27T15:29:37Z
RTX,RTX CORPORATION COM,Stock,defense,cboe,2026-09-27T15:29:37Z
RUM,RUM GROUP INC COM CL A,Stock,other,cboe,2026-09-27T15:29:37Z
RUN,SUNRUN INC COM,Stock,energy,cboe,2026-09-27T15:29:37Z
RUT,Russell 2000 Index,Stock,other,cboe,2026-09-27T15:29:37Z
RXRX,RECURSION PHARMACEUTICALS INC CL A,Stock,biotech,cboe,2026-09-27T15:29:37Z
RXT,RACKSPACE TECHNOLOGY INC COM,Stock,other,cboe,2026-09-27T15:29:37Z
RZLV,REZOLVE AI PLC ORD SHS,Stock,other,cboe,2026-09-27T15:29:37Z
S,SENTINELONE INC CL A,Stock,other,cboe,2026-09-27T15:29:37Z
SAP,SAP SE SPON ADR,Stock,other,cboe,2026-09-27T15:29:37Z
SBET,SHARPLINK INC COM NEW,Stock,other,cboe,2026-09-27T15:29:37Z
SBUX,STARBUCKS CORP COM,Stock,retail,cboe,2026-09-27T15:29:37Z
SCCO,SOUTHERN COPPER CORP COM,Stock,other,cboe,2026-09-27T15:29:37Z
SCHD,SCHWAB STRATEGIC TR US DIVIDEND EQ,Stock,banking,cboe,2026-09-27T15:29:37Z
SCHW,CHARLES SCHWAB CORP (THE) COM,Stock,banking,cboe,2026-09-27T15:29:37Z
SCO,PROSHARES TR II ULSHT BLOOMB OIL,Stock,energy,cboe,2026-09-27T15:29:37Z
SE,SEA LTD SPONSORD ADS,Stock,other,cboe,2026-09-27T15:29:37Z
SEDG,SOLAREDGE TECHNOLOGIES INC COM,Stock,energy,cboe,2026-09-27T15:29:37Z
SERV,SERVE ROBOTICS INC COM,Stock,other,cboe,2026-09-27T15:29:37Z
SG,SWEETGREEN INC COM CL A,Stock,other,cboe,2026-09-27T15:29:37Z
SHAK,SHAKE SHACK INC CL A,Stock,other,cboe,2026-09-27T15:29:37Z
SHEL,SHELL PLC SPON ADS,Stock,other,cboe,2026-09-27T15:29:37Z
SHOP,SHOPIFY INC CL A SUB VTG SHS,Stock,software,cboe,2026-09-27T15:29:37Z
SIG,SIGNET JEWELERS LTD SHS,Stock,other,cboe,2026-09-27T15:29:37Z
SIRI,SIRIUSXM HOLDINGS INC COMMON STOCK,Stock,other,cboe,2026-09-27T15:29:37Z
SKHY,SK HYNIX INC AMERICAN DEPOSIT,Stock,other,cboe,2026-09-27T15:29:37Z
SLB,SLB LIMITED COM STK,Stock,other,cboe,2026-09-27T15:29:37Z
SLS,SELLAS LIFE SCIENCES GROUP INC COM NEW,Stock,other,cboe,2026-09-27T15:29:37Z
SLV,ISHARES SILVER TR ISHARES,Stock,other,cboe,2026-09-27T15:29:37Z
SMCI,SUPER MICRO COMPUTER INC COM NEW,Stock,other,cboe,2026-09-27T15:29:37Z
SMMT,SUMMIT THERAPEUTICS INC COM,Stock,other,cboe,2026-09-27T15:29:37Z
SMR,NUSCALE PWR CORP CL A COM,Stock,other,cboe,2026-09-27T15:29:37Z
SMTC,SEMTECH CORP COM,Stock,other,cboe,2026-09-27T15:29:37Z
SNAP,SNAP INC CL A,Stock,other,cboe,2026-09-27T15:29:37Z
SNDK,SANDISK CORP COM,Stock,other,cboe,2026-09-27T15:29:37Z
SNOW,SNOWFLAKE INC COM SHS,Stock,software,cboe,2026-09-27T15:29:37Z
SNPS,SYNOPSYS INC COM,Stock,software,cboe,2026-09-27T15:29:37Z
SO,SOUTHERN CO COM,Stock,other,cboe,2026-09-27T15:29:37Z
SOC,SABLE OFFSHORE CORP COM SHS,Stock,other,cboe,2026-09-27T15:29:37Z
SOFI,SOFI TECHNOLOGIES INC COM,Stock,other,cboe,2026-09-27T15:29:37Z
SONY,SONY GROUP CORP SPONSORED ADR,Stock,other,cboe,2026-09-27T15:29:37Z
SOUN,SOUNDHOUND AI INC CLASS A COM,Stock,other,cboe,2026-09-27T15:29:37Z
SOXX,ISHARES TR ISHARES SEMICDTR,Stock,other,cboe,2026-09-27T15:29:37Z
SPCE,VIRGIN GALACTIC HOLDINGS INC COM NEW,Stock,other,cboe,2026-09-27T15:29:37Z
SPCX,SPACE EXPLORATION TECHN CORP CLASS A COM STK,Stock,other,cboe,2026-09-27T15:29:37Z
SPEQX,SP500 Equal Weight Index,Stock,other,cboe,2026-09-27T15:29:37Z
SPGI,S&P GLOBAL INC COM,Stock,other,cboe,2026-09-27T15:29:37Z
SPOT,SPOTIFY TECHNOLOGY S A SHS,Stock,internet,cboe,2026-09-27T15:29:37Z
SPX,SPX,Stock,other,cboe,2026-09-27T15:29:37Z
SQQQ,PROSHARES TR ULTRAPRO SHORT,Stock,other,cboe,2026-09-27T15:29:37Z
SRPT,SAREPTA THERAPEUTICS INC COM,Stock,other,cboe,2026-09-27T15:29:37Z
SSO,PROSHARES TR PSHS ULT S&P 500,Stock,other,cboe,2026-09-27T15:29:37Z
STLA,STELLANTIS N.V SHS,Stock,other,cboe,2026-09-27T15:29:37Z
STM,STMICROELECTRONICS N V NY REGISTRY,Stock,other,cboe,2026-09-27T15:29:37Z
STUB,STUBHUB HLDGS INC CL A,Stock,other,cboe,2026-09-27T15:29:37Z
STX,SEAGATE TECHNOLOGY HLDNGS PLC ORD SHS,Stock,other,cboe,2026-09-27T15:29:37Z
STZ,CONSTELLATION BRANDS INC CL A,Stock,other,cboe,2026-09-27T15:29:37Z
SU,SUNCOR ENERGY INC NEW COM,Stock,energy,cboe,2026-09-27T15:29:37Z
SVIA,SILVIA INC COM SHS,Stock,other,cboe,2026-09-27T15:29:37Z
SYM,SYMBOTIC INC CLASS A COM,Stock,other,cboe,2026-09-27T15:29:37Z
T,AT&T INC COM,Stock,telecom,cboe,2026-09-27T15:29:37Z
TDOC,TELADOC HEALTH INC COM,Stock,other,cboe,2026-09-27T15:29:37Z
TE,T1 ENERGY INC COM NEW,Stock,energy,cboe,2026-09-27T15:29:37Z
TEAM,ATLASSIAN CORPORATION CL A,Stock,other,cboe,2026-09-27T15:29:37Z
TECK,TECK RESOURCES LTD CL B,Stock,other,cboe,2026-09-27T15:29:37Z
TEM,TEMPUS AI INC CL A,Stock,other,cboe,2026-09-27T15:29:37Z
TER,TERADYNE INC COM,Stock,other,cboe,2026-09-27T15:29:37Z
TEVA,TEVA PHARMACEUTICAL INDS LTD SHS,Stock,biotech,cboe,2026-09-27T15:29:37Z
TGT,TARGET CORP COM,Stock,retail,cboe,2026-09-27T15:29:37Z
TIGR,UP FINTECH HLDG LTD SPONSORED ADS,Stock,other,cboe,2026-09-27T15:29:37Z
TJX,TJX COS INC NEW COM,Stock,other,cboe,2026-09-27T15:29:37Z
TLN,TALEN ENERGY CORP COM,Stock,energy,cboe,2026-09-27T15:29:37Z
TLRY,TILRAY BRANDS INC COM,Stock,other,cboe,2026-09-27T15:29:37Z
TMC,TMC THE METALS COMPANY INC COM,Stock,other,cboe,2026-09-27T15:29:37Z
TMDX,TRANSMEDICS GROUP INC COM,Stock,other,cboe,2026-09-27T15:29:37Z
TMO,THERMO FISHER SCIENTIFIC INC COM,Stock,other,cboe,2026-09-27T15:29:37Z
TMUS,T-MOBILE US INC COM,Stock,telecom,cboe,2026-09-27T15:29:37Z
TOST,TOAST INC CL A,Stock,other,cboe,2026-09-27T15:29:37Z
TPR,TAPESTRY INC COM,Stock,other,cboe,2026-09-27T15:29:37Z
TQQQ,PROSHARES TR ULTRAPRO QQQ,Stock,other,cboe,2026-09-27T15:29:37Z
TRIP,TRIPADVISOR INC COM,Stock,other,cboe,2026-09-27T15:29:37Z
TSCO,TRACTOR SUPPLY CO COM,Stock,other,cboe,2026-09-27T15:29:37Z
TSEM,TOWER SEMICONDUCTOR LTD SHS NEW,Stock,semiconductor,cboe,2026-09-27T15:29:37Z
TSLA,TESLA INC COM,Stock,auto,cboe,2026-09-27T15:29:37Z
TSM,TAIWAN SEMICONDUCTOR MANUFACT SPONSORED ADS,Stock,semiconductor,cboe,2026-09-27T15:29:37Z
TTD,THE TRADE DESK INC COM CL A,Stock,other,cboe,2026-09-27T15:29:37Z
TTWO,TAKE-TWO INTERACTIVE SOFTWARE COM,Stock,software,cboe,2026-09-27T15:29:37Z
TWLO,TWILIO INC CL A,Stock,other,cboe,2026-09-27T15:29:37Z
TXN,TEXAS INSTRS INC COM,Stock,other,cboe,2026-09-27T15:29:37Z
TXRH,TEXAS ROADHOUSE INC COM,Stock,other,cboe,2026-09-27T15:29:37Z
U,UNITY SOFTWARE INC COM,Stock,software,cboe,2026-09-27T15:29:37Z
UAL,UNITED AIRLS HLDGS INC COM,Stock,other,cboe,2026-09-27T15:29:37Z
UAMY,UNITED STATES ANTIMONY CORP COM,Stock,other,cboe,2026-09-27T15:29:37Z
UBER,UBER TECHNOLOGIES INC COM,Stock,internet,cboe,2026-09-27T15:29:37Z
UEC,URANIUM ENERGY CORP COM,Stock,energy,cboe,2026-09-27T15:29:37Z
UL,UNILEVER PLC SPON ADR NEW,Stock,other,cboe,2026-09-27T15:29:37Z
ULTA,ULTA BEAUTY INC COM,Stock,other,cboe,2026-09-27T15:29:37Z
UMAC,UNUSUAL MACHS INC COM SHS,Stock,other,cboe,2026-09-27T15:29:37Z
UNG,UNITED STS NAT GAS FD LP UNIT PAR,Stock,energy,cboe,2026-09-27T15:29:37Z
UNH,UNITEDHEALTH GROUP INC COM,Stock,other,cboe,2026-09-27T15:29:37Z
UNP,UNION PAC CORP COM,Stock,auto,cboe,2026-09-27T15:29:37Z
UPRO,PROSHARES TR ULTRPRO S&P500,Stock,other,cboe,2026-09-27T15:29:37Z
UPS,UNITED PARCEL SVCS INC CL B,Stock,other,cboe,2026-09-27T15:29:37Z
UPST,UPSTART HLDGS INC COM,Stock,other,cboe,2026-09-27T15:29:37Z
UPXI,UPEXI INC COM NEW,Stock,other,cboe,2026-09-27T15:29:37Z
URA,GLOBAL X FDS GLOBAL X URANIUM,Stock,other,cboe,2026-09-27T15:29:37Z
URBN,URBAN OUTFITTERS INC COM,Stock,other,cboe,2026-09-27T15:29:37Z
URI,UNITED RENTALS INC COM,Stock,other,cboe,2026-09-27T15:29:37Z
USAR,USA RARE EARTH INC COM,Stock,other,cboe,2026-09-27T15:29:37Z
USB,US BANCORP COM NEW,Stock,other,cboe,2026-09-27T15:29:37Z
USO,UNITED STS OIL FD LP UNITS,Stock,energy,cboe,2026-09-27T15:29:37Z
UUUU,ENERGY FUELS INC COM NEW,Stock,energy,cboe,2026-09-27T15:29:37Z
UWMC,UWM HOLDINGS CORPORATION COM CL A,Stock,other,cboe,2026-09-27T15:29:37Z
V,VISA INC COM CL A,Stock,fintech,cboe,2026-09-27T15:29:37Z
VALE,VALE S A SPONSORED ADS,Stock,other,cboe,2026-09-27T15:29:37Z
VERU,VERU INC COM NEW,Stock,other,cboe,2026-09-27T15:29:37Z
VFC,V F CORP COM,Stock,other,cboe,2026-09-27T15:29:37Z
VG,VENTURE GLOBAL INC COM CL A,Stock,other,cboe,2026-09-27T15:29:37Z
VIX,CBOE Volatility Index,Stock,other,cboe,2026-09-27T15:29:37Z
VKTX,VIKING THERAPEUTICS INC COM,Stock,other,cboe,2026-09-27T15:29:37Z
VLO,VALERO ENERGY CORP COM,Stock,energy,cboe,2026-09-27T15:29:37Z
VOD,VODAFONE GROUP PLC SPONSORED ADR,Stock,other,cboe,2026-09-27T15:29:37Z
VRT,VERTIV HOLDINGS CO COM CL A,Stock,other,cboe,2026-09-27T15:29:37Z
VRTX,VERTEX PHARMACEUTICALS INC COM,Stock,biotech,cboe,2026-09-27T15:29:37Z
VST,VISTRA CORP COM,Stock,other,cboe,2026-09-27T15:29:37Z
VXUS,VANGUARD STAR FDS VG TL INTL STK F,Stock,other,cboe,2026-09-27T15:29:37Z
VZ,VERIZON COMMUNICATIONS INC COM,Stock,telecom,cboe,2026-09-27T15:29:37Z
W,WAYFAIR INC CL A,Stock,other,cboe,2026-09-27T15:29:37Z
WBD,WARNER BROS DISCOVERY INC COM SER A,Stock,other,cboe,2026-09-27T15:29:37Z
WDAY,WORKDAY INC CL A,Stock,other,cboe,2026-09-27T15:29:37Z
WDC,WESTERN DIGITAL CORP COM,Stock,other,cboe,2026-09-27T15:29:37Z
WEN,WENDYS CO COM,Stock,other,cboe,2026-09-27T15:29:37Z
WFC,WELLS FARGO & CO COM,Stock,banking,cboe,2026-09-27T15:29:37Z
WGS,GENEDX HOLDINGS CORP COM CL A,Stock,other,cboe,2026-09-27T15:29:37Z
WMB,WILLIAMS COS INC COM,Stock,other,cboe,2026-09-27T15:29:37Z
WMT,WALMART INC COM,Stock,retail,cboe,2026-09-27T15:29:37Z
WOLF,WOLFSPEED INC COMMON STOCK,Stock,other,cboe,2026-09-27T15:29:37Z
WPM,WHEATON PRECIOUS METALS CORP COM,Stock,other,cboe,2026-09-27T15:29:37Z
WRBY,WARBY PARKER INC CL A COM,Stock,other,cboe,2026-09-27T15:29:37Z
WULF,TERAWULF INC COM,Stock,other,cboe,2026-09-27T15:29:37Z
WYNN,WYNN RESORTS LTD COM,Stock,other,cboe,2026-09-27T15:29:37Z
XBI,SPDR SERIES TRUST ST STR SP BIOT,Stock,other,cboe,2026-09-27T15:29:37Z
XE,X-ENERGY INC COM CL A,Stock,energy,cboe,2026-09-27T15:29:37Z
XEO,S&P 100 index European-style,Stock,other,cboe,2026-09-27T15:29:37Z
XHB,SPDR SERIES TRUST ST STR SP HOME,Stock,other,cboe,2026-09-27T15:29:37Z
XNDU,XANADU QUANTUM TECHNOLO LTD SUB VTG B,Stock,other,cboe,2026-09-27T15:29:37Z
XOM,EXXONMOBIL HOLDINGS CORP COM SHS,Stock,other,cboe,2026-09-27T15:29:37Z
XOP,SPDR SERIES TRUST SP O&G EXPL PRO,Stock,other,cboe,2026-09-27T15:29:37Z
XP,XP INC CL A,Stock,other,cboe,2026-09-27T15:29:37Z
XPEV,XPENG INC ADS,Stock,auto,cboe,2026-09-27T15:29:37Z
XRT,SPDR SERIES TRUST ST STR SP RETAIL,Stock,other,cboe,2026-09-27T15:29:37Z
XSP,Mini-SPX,Stock,other,cboe,2026-09-27T15:29:37Z
XSPBX,MiniSPXBinaryOptions,Stock,other,cboe,2026-09-27T15:29:37Z
XYZ,BLOCK INC CL A,Stock,fintech,cboe,2026-09-27T15:29:37Z
ZETA,ZETA GLOBAL HOLDINGS CORP CL A,Stock,other,cboe,2026-09-27T15:29:37Z
ZIM,ZIM INTEGRATED SHIPPING SERV SHS,Stock,other,cboe,2026-09-27T15:29:37Z
ZM,ZOOM COMMUNICATIONS INC CL A,Stock,other,cboe,2026-09-27T15:29:37Z
ZS,ZSCALER INC COM,Stock,other,cboe,2026-09-27T15:29:37Z
ZSL,PROSHARES TR II ULTRA SHORT SILV,Stock,other,cboe,2026-09-27T15:29:37Z
